Date,NorthlandEmployed,NorthlandPersonsUnemployed,NorthlandNotinLabourForce,NorthlandWorkingAge ,NorthlandLabourForceParticipation,NorthlandUnemployment,NorthlandJobless,NorthlandEmployment,NorthlandTotalLabourForce,AucklandPersonsEmployed,AucklandPersonsUnemployed,AucklandNotinLabourForce,AucklandWorkingAge ,AucklandLabourForceParticipation ,AucklandUnemployment,AucklandJobless,AucklandEmployment ,AucklandTotalLabourForce,WaikatoPersonsEmployed ,WaikatoPersonsUnemployed,WaikatoNotinLabourForce,WaikatoWorkingAge,WaikatoLabourForceParticipation,WaikatoUnemployment ,WaikatoJobless,WaikatoEmployment ,WaikatoTotalLabourForce,BOPPersonsEmployed,BOPPersonsUnemployed,BOPNotinLabourForce,BOPWorkingAge,BOPLabourForceParticipation,BOPUnemployment ,BOPJobless,BOPEmployment ,BOPTotalLabourForce,GisborneHBPersonsEmployed,GisborneHBPersonsUnemployed,GisborneHBNotinLabourForce,GisborneHBWorkingAge ,GisborneHBLabourForceParticipation ,GisborneHBUnemployment ,GisborneHBJobless,GisborneHBEmployment ,GisborneHBTotalLabourForce,TaranakiPersonsEmployed,TaranakiPersonsUnemployed,TaranakiNotinLabourForce,TaranakiWorkingAge ,TaranakiLabourForceParticipation ,TaranakiUnemployment ,TaranakiJobless,TaranakiEmployment ,TaranakiTotalLabourForce,ManawatuplusPersonsEmployed,ManawatuplusPersonsUnemployed,ManawatuplusNotinLabourForce,ManawatuplusWorkingAge ,ManawatuplusLabourForceParticipation ,ManawatuplusUnemployment ,ManawatuplusJobless,ManawatuplusEmployment ,ManawatuplusTotalLabourForce,WellingtonPersonsEmployed,WellingtonPersonsUnemployed,WellingtonNotinLabourForce,WellingtonWorkingAge ,WellingtonLabourForceParticipation ,WellingtonUnemployment ,WellingtonJobless,WellingtonEmployment ,WellingtonTotalLabourForce,TasmanplusPersonsEmployed,TasmanplusPersonsUnemployed,TasmanplusNotinLabourForce,TasmanplusWorkingAge ,TasmanplusLabourForceParticipation ,TasmanplusUnemployment ,TasmanplusJobless,TasmanplusEmployment ,TasmanplusTotalLabourForce,CanterburyPersonsEmployed ,CanterburyPersonsUnemployed ,CanterburyNotinLabourForce,CanterburyWorkingAge ,CanterburyLabourForceParticipation ,CanterburyUnemployment ,CanterburyJobless,CanterburyEmployment ,CanterburyTotalLabourForce,OtagoPersonsEmployed,OtagoPersonsUnemployed ,OtagoNotinLabourForce,OtagoWorkingAge ,OtagoLabourForceParticipation ,OtagoUnemployment ,OtagoJobless,OtagoEmployment ,OtagoTotalLabourForce,SouthlandPersonsEmployed ,SouthlandPersonsUnemployed,SouthlandNotinLabourForce,SouthlandWorkingAge ,SouthlandLabourForceParticipation ,SouthlandUnemployment ,SouthlandJobless,SouthlandEmployment ,SouthlandTotalLabourForce,TotalAllRegionalCouncilsPersonsEmployed,TotalAllRegionalCouncilsPersonsUnemployed,TotalAllRegionalCouncilsNotinLabourForce,TotalAllRegionalCouncilsWorkingAge ,TotalAllRegionalCouncilsLabourForceParticipation ,TotalAllRegionalCouncilsUnemployment ,TotalAllRegionalCouncilsJobless,TotalAllRegionalCouncilsEmployment ,TotalAllRegionalCouncilsTotalLabourForce
1986Q1,47.7,3.1,29,79.7,63.7,6,4.7,59.8,50.8,465.4,19.4,220.6,705.40,68.7,4,34.7,66,484.8,142,7.1,74.1,223.2,66.8,4.7,12.3,63.6,149.1,87.7,3.9,50.7,142.3,64.4,4.3,7.8,61.7,91.7,92.6,4.6,47.1,144.2,67.4,4.7,8.2,64.2,97.2,56.2,3.6,27.7,87.5,68.3,6,5.9,64.2,59.8,101.9,6.2,53.6,161.7,66.8,5.7,10.4,63,108.1,204.9,6.4,93.9,305.2,69.2,3,11.9,67.1,211.3,65.7,1.5,40.2,107.5,62.6,2.2,4,61.2,67.2,222.9,11,114.8,348.8,67.1,4.7,19,63.9,233.9,89.7,5.4,51.1,146.2,65,5.6,9.3,61.4,95.1,49.1,2.9,25.3,77.4,67.2,5.7,4.9,63.4,52,1626.00,75,828.10,2529.10,67.3,4.4,133.2,64.3,1701.00
1986Q2,46.7,3.2,32.7,82.6,60.4,6.3,6.7,56.6,49.9,470,15.4,223.2,708.60,68.5,3.2,27.9,66.3,485.4,146,7.8,77.3,231.2,66.5,5.1,13,63.2,153.8,88.8,5.5,51.1,145.4,64.8,5.8,9.7,61.1,94.3,89.6,5.1,47.4,142,66.6,5.3,7.7,63.1,94.6,48.8,1.7,27.4,77.9,64.8,3.3,3.7,62.7,50.5,100.6,4.1,54.4,159,65.8,3.9,7.3,63.2,104.6,205.2,6.4,94.5,306,69.1,3,11.3,67,211.6,64.2,3,41.6,108.8,61.8,4.4,4.6,59.1,67.2,220.3,9.1,115.4,344.8,66.5,4,16.5,63.9,229.4,90.8,5.5,49.8,146.1,65.9,5.7,10.1,62.2,96.4,46,2.9,28.8,77.7,63,6,3.5,59.2,49,1617.00,69.7,843.40,2530.20,66.7,4.1,122.1,63.9,1686.70
1986Q3,46.1,3.2,30.8,80.1,61.5,6.5,6,57.5,49.3,479.5,14.6,220.5,714.70,69.1,3,26.7,67.1,494.1,151.9,9.9,82.2,244,66.3,6.1,17,62.2,161.8,83.1,4.1,51,138.2,63.1,4.7,7.7,60.2,87.2,82.2,4.8,52.9,139.9,62.2,5.5,8.9,58.8,87,49,3,25.3,77.3,67.3,5.8,6,63.4,52,101.3,4.6,56.4,162.3,65.3,4.4,9.1,62.4,105.9,202.7,5.4,97.3,305.4,68.1,2.6,11,66.4,208.1,69.6,2.2,40,111.8,64.2,3.1,4.2,62.3,71.8,217.7,7.8,121.1,346.6,65.1,3.5,14,62.8,225.5,86.7,5.9,48.2,140.7,65.8,6.4,8.2,61.6,92.5,42.5,2,26.3,70.7,62.8,4.4,4.1,60.1,44.5,1612.20,67.5,851.90,2531.70,66.3,4.0,123.1,63.7,1679.80
1986Q4,47.9,4,30.6,82.5,62.9,7.7,7.2,58,51.8,482.4,13.2,225.3,720.90,68.8,2.7,27.9,66.9,495.7,153,9.4,81.4,243.8,66.6,5.8,16.3,62.8,162.4,88.4,3.9,50,142.3,64.8,4.2,7.9,62.1,92.3,87.7,5.1,50.9,143.7,64.6,5.5,8.9,61,92.8,51.7,3.8,26.2,81.7,67.9,6.9,5.5,63.3,55.5,105.1,4.6,56.8,166.5,65.9,4.2,9.6,63.1,109.7,204.4,5.7,88.7,298.8,70.3,2.7,11.2,68.4,210.1,64.5,2.5,36.4,103.4,64.8,3.7,5.3,62.4,67,206.8,9.9,123.2,339.8,63.7,4.6,18,60.8,216.6,82.8,4.8,55.2,142.8,61.4,5.5,9.9,58,87.7,47.7,2.2,23.1,73,68.3,4.4,3.7,65.3,49.9,1622.20,69.2,847.90,2539.30,66.6,4.1,131.3,63.9,1691.40
1987Q1,47.7,3.5,30.3,81.5,62.8,6.8,6.4,58.5,51.2,491.3,14.8,224.3,730.40,69.3,2.9,26.4,67.3,506.1,151.1,8.1,79.6,238.8,66.7,5.1,15.5,63.3,159.2,86.3,5.1,49.2,140.5,65,5.5,7.3,61.4,91.3,91.3,6.2,49.3,146.9,66.4,6.4,10.4,62.2,97.6,50.1,2.8,24.1,77.1,68.7,5.4,4.5,65,52.9,103.6,4.8,56.9,165.3,65.6,4.4,8.6,62.7,108.4,202.2,6.9,91.1,300.2,69.7,3.3,11.2,67.3,209.1,66.9,3.3,36.6,106.8,65.8,4.7,5.6,62.7,70.2,208.9,9.8,124.6,343.3,63.7,4.5,16.9,60.9,218.7,83.3,4.6,54.1,141.9,61.9,5.2,7.6,58.7,87.8,48.3,2.2,24.7,75.2,67.1,4.4,3.9,64.2,50.5,1631.00,72.1,844.80,2547.90,66.8,4.2,124.3,64.0,1703.10
1987Q2,44.3,2.4,28.4,75.1,62.2,5.2,4.9,59,46.7,490.3,17.4,221.1,728.80,69.7,3.4,30.8,67.3,507.7,151.9,7.8,84.6,244.3,65.4,4.9,11.8,62.2,159.6,85.8,4.3,50,140.1,64.3,4.7,7.3,61.2,90.1,88.6,5.9,51.1,145.5,64.9,6.2,8.8,60.9,94.4,50.8,1.6,25.7,78,67.1,3.1,4.7,65,52.4,101.5,5.1,55.5,162,65.8,4.7,9.7,62.6,106.5,206,6.2,97,309.2,68.6,2.9,10.3,66.6,212.2,66.6,3.1,36.9,106.6,65.4,4.5,5.2,62.5,69.7,210.7,10.6,130.6,352,62.9,4.8,17.9,59.9,221.3,78.8,4,54.4,137.1,60.3,4.8,6.5,57.4,82.8,45.7,2.7,25.1,73.5,65.9,5.6,6.1,62.2,48.4,1620.90,71,860.30,2552.20,66.3,4.2,123.9,63.5,1691.90
1987Q3,47.5,4.4,30.8,82.7,62.8,8.4,7,57.5,51.9,484.1,13.3,226.9,724.30,68.7,2.7,25,66.8,497.4,151.2,7,84.7,242.9,65.1,4.4,11.5,62.3,158.3,84.5,3.7,51,139.2,63.4,4.2,6.1,60.7,88.2,85.8,7.2,54.6,147.7,63,7.8,11.8,58.1,93.1,50.5,1.3,22,73.8,70.2,2.6,3.1,68.4,51.9,103.5,3.4,54,160.9,66.4,3.2,6.8,64.3,106.9,210.9,6.6,93.5,311,69.9,3,12.2,67.8,217.5,66.5,2.5,40.4,109.4,63.1,3.7,5.4,60.8,69,205.8,9,130,344.8,62.3,4.2,14.9,59.7,214.8,81.9,5.5,56.1,143.5,60.9,6.3,10.3,57,87.4,44.8,4.6,26.8,76.2,64.8,9.4,8.6,58.7,49.4,1617.00,68.6,870.70,2556.30,65.9,4.1,122.7,63.3,1685.60
1987Q4,45.8,2.7,35.3,83.7,57.8,5.5,6.7,54.7,48.4,487.9,12.6,226.5,727.10,68.8,2.5,23.6,67.1,500.6,152.3,8.5,79.9,240.8,66.8,5.3,14.1,63.3,160.9,87,3.7,51.2,141.9,63.9,4.1,6.3,61.3,90.7,88.6,6.7,52,147.3,64.7,7,9.7,60.2,95.3,52.1,2.3,24.2,78.6,69.2,4.2,4.6,66.3,54.4,100.4,5.5,52.8,158.7,66.7,5.2,10.4,63.3,105.9,211.2,6.4,95.7,313.3,69.5,3,13.2,67.4,217.6,69.8,4.2,37.9,111.9,66.1,5.7,5.9,62.3,74,212.3,10.2,128,350.5,63.5,4.6,18.2,60.6,222.5,77.3,5.5,52.7,135.5,61.1,6.7,9.1,57.1,82.8,47.2,3.9,23.4,74.5,68.5,7.6,7.6,63.3,51,1631.80,72.2,859.70,2563.70,66.5,4.2,129.3,63.7,1704.00
1988Q1,46.3,4,35.8,86.1,58.4,7.9,6.9,53.8,50.3,484.5,18.2,244.8,747.50,67.3,3.6,33.7,64.8,502.7,156.4,10.3,82.6,249.4,66.9,6.2,17,62.7,166.7,84.3,4.9,53.3,142.5,62.6,5.5,7.9,59.1,89.2,84.5,6.8,52.4,143.8,63.5,7.5,9.4,58.8,91.3,49.5,2.5,25.2,77.2,67.4,4.8,4.4,64.1,52,100.9,6.6,54.6,162.2,66.3,6.2,10.5,62.2,107.5,199.2,9.9,95.6,304.7,68.6,4.7,15.3,65.4,209.1,64.9,3.9,36.8,105.5,65.1,5.6,6.3,61.5,68.7,210.8,10.5,126.7,348,63.6,4.7,16.7,60.6,221.3,75.9,6.2,52.8,134.9,60.9,7.5,7.9,56.3,82.1,42.8,2.8,22.2,67.8,67.3,6.1,4.8,63.1,45.6,1600.00,86.6,882.80,2569.40,65.6,5.1,140.7,62.3,1686.70
1988Q2,45.3,4.5,37.5,87.3,57,9,7.7,51.9,49.7,473.6,18.6,243.9,736.20,66.9,3.8,29.9,64.3,492.2,154.2,10,87.5,251.7,65.2,6.1,17.3,61.2,164.2,83.9,6.5,51.8,142.2,63.6,7.2,9.7,59,90.4,87.5,7,51.7,146.2,64.6,7.4,11,59.8,94.5,45.2,2.7,26,73.9,64.9,5.6,5.1,61.2,47.9,99.3,6.8,56.8,162.9,65.2,6.4,11,61,106.2,198,9.4,97.6,305,68,4.5,14.5,64.9,207.4,65.5,2.4,37.7,105.6,64.3,3.6,4.8,62,67.9,206.4,10,134.1,350.5,61.7,4.6,18.7,58.9,216.4,79,8.4,55.4,142.8,61.2,9.6,11.7,55.3,87.5,39.2,4.2,23,66.4,65.4,9.7,6.1,59,43.4,1577.00,90.7,902.90,2570.60,64.9,5.4,147.6,61.3,1667.70
1988Q3,43.8,4.2,37.5,85.6,56.1,8.8,7.3,51.2,48.1,466.4,22.7,240.6,729.70,67,4.6,35.4,63.9,489.1,153.9,9.5,90.3,253.7,64.4,5.8,17,60.7,163.4,81.7,8.9,54.1,144.7,62.6,9.8,13.3,56.5,90.6,81.3,9.1,58.7,149.1,60.6,10.1,14.7,54.5,90.4,44.1,4.8,28.9,77.8,62.9,9.8,7.5,56.7,48.9,99.8,6.9,61.3,168,63.5,6.5,12.8,59.4,106.7,200.1,10.1,99.8,310,67.8,4.8,16.1,64.6,210.2,62.2,4.5,40.1,106.8,62.5,6.8,6.5,58.2,66.7,202.5,11.4,129.6,343.5,62.3,5.3,20,59,213.9,75,7.5,56.3,138.8,59.5,9.1,9.3,54,82.6,37,3.5,24,64.5,62.8,8.7,6.7,57.4,40.5,1547.90,103.1,921.10,2572.10,64.2,6.2,166.5,60.2,1651.00
1988Q4,43.5,4.9,35.6,84,57.6,10,8.5,51.8,48.4,463.1,25.7,240.8,729.60,67,5.3,40.9,63.5,488.8,159.8,10.1,86.8,256.7,66.2,5.9,16,62.3,169.9,84.5,6.5,55.4,146.5,62.2,7.2,10.7,57.7,91.1,85.2,6.8,55.6,147.6,62.3,7.4,12.1,57.7,92,43.1,5,27.5,75.6,63.7,10.5,9,57,48.2,96.6,6.8,63.3,166.7,62,6.5,14.9,58,103.4,202.4,9.7,97.4,309.5,68.5,4.6,17.6,65.4,212.1,60.5,5.2,39.4,105,62.5,7.9,7.6,57.6,65.6,206.7,10.5,126.9,344.1,63.1,4.8,18.8,60.1,217.2,76.8,7.2,56.9,140.9,59.6,8.5,9.3,54.5,84,43.9,3.8,23.2,70.8,67.3,7.9,6.7,61.9,47.6,1566.20,102.1,908.60,2576.90,64.7,6.1,172.1,60.8,1668.20
1989Q1,45,4.3,35.3,84.6,58.3,8.6,6.7,53.2,49.3,444.8,35.5,242.7,723.10,66.4,7.4,48.1,61.5,480.4,157.3,11.8,87.2,256.3,66,7,19.3,61.4,169.1,82.7,9.1,57.7,149.5,61.4,9.9,13.7,55.3,91.8,86.8,8.4,57.9,153.1,62.2,8.8,13.4,56.7,95.2,43.6,4.5,29,77.1,62.4,9.4,8.2,56.5,48.1,98.8,6.6,62.3,167.7,62.9,6.2,12.7,58.9,105.4,194.4,13.2,99.2,306.8,67.7,6.3,17.8,63.4,207.6,60.4,5.5,40.1,106,62.2,8.4,7.9,56.9,65.9,198.2,13.8,129.5,341.5,62.1,6.5,19.4,58.1,212,79.6,8.6,55.7,144,61.3,9.8,12.2,55.3,88.2,43.4,1.5,26.1,71,63.2,3.3,3.8,61.1,44.9,1535.10,122.8,922.70,2580.70,64.2,7.4,183.2,59.5,1657.90
1989Q2,41.5,3.6,38.3,83.4,54.1,8,7.5,49.8,45.1,451.6,29.1,243.1,723.80,66.4,6.1,42.3,62.4,480.7,149.9,13.9,91.2,255,64.2,8.5,21.2,58.8,163.8,83.8,8.3,56.4,148.5,62,9,12.7,56.4,92.1,85.7,7.4,58.4,151.6,61.4,7.9,11.6,56.6,93.1,43.7,5.7,28.5,77.9,63.4,11.5,8.4,56.1,49.4,95.9,7,64.4,167.3,61.5,6.8,13.4,57.3,102.9,195.3,13.5,105.5,314.3,66.4,6.5,20.5,62.1,208.7,60.1,6.8,40.3,107.3,62.4,10.2,10.1,56,66.9,189.8,16.4,133.7,340,60.7,7.9,23.3,55.8,206.2,73.7,6.3,59.5,139.5,57.4,7.9,9.1,52.8,80,43.4,3.5,25.7,72.7,64.6,7.5,5.7,59.7,47,1514.40,121.6,945.20,2581.20,63.4,7.4,185.8,58.7,1636.00
1989Q3,41.2,4,39.5,84.6,53.3,8.8,7.9,48.7,45.1,455.1,29.4,238.9,723.30,67,6.1,41.9,62.9,484.4,151.8,13,91.4,256.2,64.3,7.9,21.2,59.3,164.8,84,7.6,58.6,150.1,61,8.3,13.3,55.9,91.5,82,9.8,58.9,150.6,60.9,10.7,14.5,54.4,91.8,39.4,5.5,31,76,59.2,12.3,9.6,51.9,45,91.5,5.9,67.2,164.7,59.2,6.1,10,55.6,97.5,193.3,11.5,105.5,310.2,66,5.6,18.1,62.3,204.7,58.2,6.1,42,106.3,60.5,9.4,8.8,54.8,64.3,199.2,13.5,132.7,345.4,61.6,6.3,22,57.7,212.7,75,6.1,62.5,143.5,56.5,7.5,8.5,52.2,81,40.8,5.5,26.5,72.8,63.6,12,8.4,56,46.3,1511.30,117.8,954.50,2583.60,63.1,7.2,184.3,58.5,1629.10
1989Q4,45.8,3.6,36.2,85.6,57.7,7.3,7.7,53.5,49.4,463.3,27.5,243.1,733.80,66.9,5.6,43.4,63.1,490.8,159.2,15.7,86.7,261.7,66.9,9,24.2,60.9,175,86,9.2,58.7,153.9,61.9,9.7,13.6,55.9,95.2,81.7,9.1,58.7,149.6,60.7,10.1,13,54.6,90.8,40.9,4.5,30.5,75.8,59.8,9.9,7.6,53.9,45.3,94.1,5.6,65.1,164.8,60.5,5.6,11.1,57.1,99.7,194.1,12.9,99.5,306.5,67.5,6.2,19.5,63.3,207.1,61,4.5,42.4,107.8,60.7,6.8,7.5,56.5,65.4,197.9,13.3,126.4,337.5,62.6,6.3,21.3,58.6,211.1,73.7,6.9,61.4,142,56.7,8.6,10.5,51.9,80.6,39.5,5.5,27.9,72.8,61.8,12.2,9.5,54.2,45,1537.10,118.3,936.50,2592.00,63.9,7.1,188.8,59.3,1655.40
1990Q1,46.3,4.8,35,86,59.3,9.3,9.6,53.8,51,455.2,28.4,246.1,729.80,66.3,5.9,43.8,62.4,483.7,161.7,13.7,89.3,264.6,66.3,7.8,22.9,61.1,175.3,87.9,9.8,58.9,156.6,62.4,10,15.4,56.1,97.7,80.2,6.5,58.3,145,59.8,7.5,10.8,55.3,86.7,39.4,4.3,31.7,75.4,58,9.8,8.1,52.3,43.7,91.5,8.7,65,165.2,60.7,8.7,13,55.4,100.3,187.1,14.6,100.2,301.9,66.8,7.2,21.5,62,201.6,61.6,5.5,39.3,106.3,63.1,8.1,7.8,57.9,67,198.9,16.6,128.1,343.7,62.7,7.7,23.7,57.9,215.5,77.6,6.3,65,148.9,56.3,7.5,9.9,52.1,83.9,46.6,5,26.6,78.2,66,9.7,8,59.6,51.6,1534.10,124.1,943.40,2601.50,63.7,7.5,194.4,59.0,1658.10
1990Q2,43.2,4.9,33.3,81.4,59.1,10.1,8.2,53.1,48.1,452.5,33.4,249,734.90,66.1,6.9,49.8,61.6,485.9,158.1,14.8,93.5,266.4,64.9,8.6,23.3,59.3,172.9,87.5,9.1,58.9,155.5,62.1,9.4,15,56.2,96.6,74.4,8.9,58.7,142.1,58.7,10.7,13.8,52.4,83.4,43.1,5.3,28.8,77.3,62.7,11,8.5,55.8,48.5,86.7,7.1,61.5,155.3,60.4,7.5,11,55.8,93.8,200,14,100.9,315,68,6.6,19.4,63.5,214.1,57.6,5.3,37.6,100.5,62.6,8.5,7.6,57.3,63,209.5,15.3,131,355.8,63.2,6.8,25.5,58.9,224.8,82.6,6.5,60.2,149.2,59.7,7.3,9.4,55.3,89.1,45.6,2.5,26,74.1,65,5.3,4.7,61.5,48.2,1540.90,127.2,939.40,2607.50,64.0,7.6,196.0,59.1,1668.10
1990Q3,45.6,5.2,35.7,86.5,58.8,10.3,10.5,52.7,50.8,445.2,36.6,246.7,728.50,66.1,7.6,52.8,61.1,481.8,156.3,14.1,92.3,262.8,64.9,8.3,24.3,59.5,170.4,86.3,7.8,61.2,155.3,60.6,8.3,13.7,55.6,94.1,72.7,7.4,62.2,142.3,56.3,9.2,13.4,51.1,80.1,45.6,4.7,27.7,78,64.5,9.4,8.1,58.5,50.3,86,8.1,64.3,158.4,59.4,8.6,11.9,54.3,94.1,204.5,14.5,104.1,323.1,67.8,6.6,21.8,63.3,219,58.6,5.6,38.3,102.5,62.7,8.7,9,57.2,64.2,202.2,17.5,133.2,352.9,62.3,7.9,27.4,57.3,219.7,79.7,6.4,62.1,148.3,58.1,7.5,10.2,53.8,86.2,43.6,3.7,28.2,75.4,62.7,7.8,7.3,57.8,47.3,1526.30,131.5,955.90,2613.70,63.4,7.9,210.5,58.4,1657.80
1990Q4,44.6,6.2,33,83.8,60.7,12.2,10.1,53.3,50.9,452.1,39.4,248.3,739.80,66.4,8,62.4,61.1,491.5,155.3,16.3,86.3,257.8,66.5,9.5,26.4,60.2,171.5,89.5,10,61.5,161,61.8,10.1,16,55.6,99.6,71.9,9.4,62,143.3,56.7,11.6,15.5,50.2,81.3,45.8,5.2,28.4,79.4,64.2,10.1,8.6,57.7,51,86.9,9.7,60.6,157.1,61.4,10,15.2,55.3,96.5,203.3,16.1,104.2,323.6,67.8,7.3,25.3,62.8,219.4,60,5.9,38.2,104.1,63.3,8.9,8.8,57.7,65.9,202.4,18.4,129.6,350.3,63,8.3,30.4,57.8,220.7,81.6,7.8,58.4,147.8,60.5,8.7,14.7,55.2,89.4,44.8,4,27.2,76,64.2,8.2,7.7,58.9,48.8,1538.30,148.3,937.50,2624.10,64.3,8.8,241.1,58.6,1686.60
1991Q1,45.3,6.9,33.6,85.9,60.8,13.3,11.3,52.8,52.3,438.8,53.6,245,737.40,66.8,10.9,74.6,59.5,492.4,156.6,18.6,86.6,261.8,66.9,10.6,28.1,59.8,175.2,85.3,13.2,62.8,161.3,61.1,13.4,19.6,52.9,98.5,75.7,10.3,58.7,144.7,59.4,12,16.8,52.3,86,44.5,4.8,29.1,78.4,62.9,9.7,8,56.8,49.3,85.7,11.5,63.8,161,60.4,11.8,17.9,53.2,97.2,197.4,18.7,108.4,324.4,66.6,8.7,26.5,60.8,216.1,58.6,6.1,39.1,103.8,62.3,9.5,8.4,56.4,64.7,203.3,19.5,131,353.7,63,8.7,30.2,57.5,222.8,81.2,6.4,58.1,145.6,60.1,7.3,10.6,55.8,87.5,47.3,3.6,26.2,77,66,7,6.1,61.4,50.8,1519.70,173.1,942.30,2635.10,64.2,10.2,258.1,57.7,1692.80
1991Q2,44.9,7.1,34.3,86.3,60.3,13.6,12.2,52,52,433.8,55.5,249.8,739.10,66.2,11.3,76.4,58.7,489.3,152.4,18.4,91.2,262,65.2,10.8,28.8,58.2,170.8,89.6,11.5,59.8,161,62.9,11.4,18.5,55.7,101.2,74.9,10.6,60.6,146.1,58.5,12.4,18.8,51.3,85.5,43,5.5,28.8,77.3,62.8,11.4,7.6,55.6,48.5,84.1,10.8,64.7,159.6,59.5,11.4,17,52.7,95,197.9,18.3,108.3,324.5,66.6,8.4,26.7,61,216.2,60.4,5.3,37.6,103.3,63.6,8,7.3,58.4,65.6,204.5,20.1,133.1,357.7,62.8,8.9,27.1,57.2,224.6,82.4,7.2,60.3,149.9,59.7,8,11.9,55,89.6,44.2,3.7,27.7,75.6,63.3,7.7,6.7,58.5,47.9,1512.20,174,956.30,2642.40,63.8,10.3,258.9,57.2,1686.10
1991Q3,46.2,7.4,33.7,87.3,61.4,13.7,12.2,53,53.6,425.7,59.5,254.5,739.80,65.6,12.3,81.3,57.5,485.2,145.4,19.1,87.6,252.1,65.3,11.6,29.1,57.7,164.5,83,12.2,61.8,157.1,60.6,12.8,18.7,52.8,95.2,81.7,10.3,65.7,157.8,58.3,11.2,18.2,51.8,92.1,43.5,6.6,32.6,82.7,60.6,13.2,10.3,52.6,50.1,87.8,11.7,66.2,165.7,60.1,11.8,17.5,53,99.5,188.1,16.7,107.6,312.5,65.5,8.1,23.4,60.2,204.8,64.1,4.9,39.5,108.5,63.6,7.2,8,59.1,69,200.1,21.7,133.5,355.3,62.4,9.8,31.5,56.3,221.8,82.1,8.1,58.8,149,60.5,8.9,13,55.1,90.1,47.6,5.8,27.6,81,65.9,10.8,11,58.7,53.3,1495.40,184,969.20,2648.60,63.4,11.0,274.0,56.5,1679.40
1991Q4,48.8,8.6,32.4,89.7,64,15,13.5,54.4,57.4,423.2,57.1,260.3,740.60,64.9,11.9,80.8,57.1,480.3,145.1,17.6,87.1,249.8,65.1,10.8,28.6,58.1,162.7,82.6,12.6,62.7,157.9,60.3,13.3,20.2,52.3,95.3,81.7,8.6,68.8,159.1,56.8,9.6,16.6,51.3,90.3,42.4,7.2,30.2,79.9,62.1,14.5,10.7,53.1,49.6,88.1,11,63.9,163,60.8,11.1,19.5,54,99.1,193.6,17.6,107,318.2,66.4,8.3,27.7,60.8,211.3,71.2,7.6,36.6,115.4,68.3,9.7,11.7,61.7,78.8,196.8,21.3,133.9,352,62,9.8,34.2,55.9,218.1,89.8,8.8,53.9,152.4,64.6,8.9,13.4,58.9,98.5,47.2,5.8,25.9,78.9,67.1,11,9.8,59.8,53,1510.30,184.1,962.70,2657.10,63.8,10.9,286.8,56.8,1694.50
1992Q1,47.9,9.3,32.5,89.8,63.8,16.3,13.8,53.4,57.3,413.7,61.9,262.9,738.50,64.4,13,85.8,56,475.6,140.8,19.5,91.2,251.5,63.7,12.2,31.7,56,160.3,84.2,13,63.3,160.5,60.6,13.4,19.7,52.5,97.2,83.8,10.6,62.6,157,60.1,11.2,16.5,53.4,94.4,41.4,6.5,30.7,78.6,60.9,13.5,10.1,52.6,47.8,92.1,13.1,66,171.2,61.4,12.4,18.8,53.8,105.2,193.1,21.7,104.6,319.4,67.2,10.1,28.4,60.5,214.8,67.4,7,37.7,112,66.3,9.4,10.1,60.1,74.3,204.8,19.8,130.9,355.4,63.2,8.8,30.3,57.6,224.6,88.2,6.1,54.8,149.1,63.3,6.5,9.3,59.2,94.3,52.1,5.6,25.3,83,69.5,9.8,9.4,62.7,57.7,1509.50,194,962.50,2666.00,63.9,11.4,284.0,56.6,1703.50
1992Q2,48.2,6.8,32.7,87.7,62.7,12.3,10.3,55,55,419.7,57.1,268.2,745.00,64,12,78.2,56.3,476.8,142.6,17.9,95.3,255.8,62.7,11.1,27.8,55.7,160.5,85.8,12.6,61.8,160.2,61.5,12.8,18.6,53.6,98.5,84.2,9.3,60.1,153.6,60.8,9.9,16,54.8,93.4,39.8,4.5,29.3,73.6,60.2,10.1,7.9,54.1,44.3,94.4,10.9,68.6,173.9,60.6,10.4,17.4,54.3,105.4,195.8,17,103.6,316.4,67.3,8,24.1,61.9,212.9,67.6,4.4,41.7,113.6,63.3,6.1,7.5,59.5,71.9,199.4,20.5,133.3,353.2,62.3,9.3,30.1,56.5,219.9,90.5,8.2,60.9,159.5,61.8,8.3,11.6,56.7,98.6,48.8,4.8,26,79.6,67.3,8.9,8.9,61.3,53.6,1516.90,174,981.40,2672.20,63.3,10.3,258.5,56.8,1690.80
1992Q3,47.5,7,35.4,89.8,60.6,12.8,11.5,52.8,54.4,423.9,52.1,270.3,746.20,63.8,10.9,72.1,56.8,475.9,146,18,97,261,62.8,11,27.2,55.9,164,85.3,12.6,64.3,162.3,60.4,12.9,18.4,52.6,98,79.2,9.9,66.5,155.7,57.3,11.1,18.8,50.9,89.1,44,5.1,26.3,75.3,65.1,10.3,8.1,58.4,49,89.5,12.1,67.8,169.4,60,12,17.7,52.8,101.6,190,20.1,104.6,314.8,66.8,9.6,27.8,60.4,210.2,68.5,5.4,43.9,117.8,62.8,7.3,9.3,58.2,73.9,200.8,19.6,136.6,357,61.7,8.9,29.3,56.2,220.4,82.1,7.2,60.9,150.2,59.4,8,10,54.7,89.3,45,4.8,28,77.8,64,9.6,9,57.9,49.8,1501.80,173.8,1001.70,2677.30,62.6,10.4,259.2,56.1,1675.60
1992Q4,51.1,7.1,33.1,91.3,63.8,12.2,12.3,56,58.2,429.1,52.5,267.3,748.80,64.3,10.9,69.8,57.3,481.6,144.7,16.9,98.1,259.8,62.2,10.5,29.1,55.7,161.7,87.2,12.5,64.5,164.2,60.7,12.6,18.8,53.1,99.7,84,13,59.6,156.7,62,13.4,20.5,53.6,97.1,42.8,5.9,27.2,75.9,64.2,12.1,10.1,56.4,48.7,88,13.1,66.6,167.7,60.3,13,18.3,52.5,101.1,192.7,21.4,101.8,316,67.8,10,31.6,61,214.1,70.9,7.1,43.3,121.3,64.3,9.1,13,58.4,78,208.4,19.5,129.7,357.6,63.7,8.6,31.4,58.3,227.9,83.8,6.6,58.6,149,60.7,7.3,11.3,56.2,90.5,46,3.9,27.3,77.1,64.6,7.8,7.8,59.6,49.8,1528.80,179.7,977.00,2685.50,63.6,10.5,274.0,56.9,1708.40
1993Q1,45.7,5.2,33.8,84.7,60.1,10.1,10.5,54,50.9,432,52.5,269.5,754.00,64.3,10.8,70.3,57.3,484.5,146.2,20.2,98.8,265.1,62.7,12.1,32.3,55.1,166.3,83.7,13.1,68.1,164.8,58.7,13.5,20.2,50.8,96.7,87.8,9.6,57.9,155.3,62.7,9.8,16.1,56.6,97.4,40.7,6.3,29.6,76.6,61.3,13.4,11.1,53.1,47,89.5,12.4,67.2,169,60.2,12.1,18.6,52.9,101.8,189.8,21.2,104.3,315.3,66.9,10.1,30.8,60.2,211,68.8,6.1,44.5,119.4,62.7,8.2,9.7,57.6,74.9,210.4,22.5,131.7,364.6,63.9,9.7,33,57.7,232.9,86.1,6,59.3,151.4,60.8,6.5,9.7,56.9,92.1,45.5,4.1,25.1,74.7,66.4,8.3,6.2,60.9,49.6,1526.20,179,989.70,2695.00,63.3,10.5,268.6,56.6,1705.20
1993Q2,45.6,8.7,30.9,85.1,63.7,16,11.3,53.5,54.2,428.2,51.1,271.9,751.20,63.8,10.7,69.4,57,479.2,145.7,20,99.1,264.8,62.6,12,30,55,165.6,88,10.4,68,166.5,59.1,10.6,17.2,52.9,98.5,84.4,11.2,60.3,155.9,61.3,11.7,18.4,54.2,95.6,42.3,4,31.5,77.8,59.6,8.7,7.2,54.4,46.4,89.2,11.4,66.9,167.4,60.1,11.3,16.9,53.3,100.6,196.2,19.1,103.4,318.6,67.6,8.9,29.1,61.6,215.3,65.6,6.7,44,116.3,62.2,9.3,9.3,56.4,72.3,216.5,17.3,133.4,367.2,63.7,7.4,26.2,59,233.8,88.1,6.8,60.4,155.3,61.1,7.2,9.7,56.7,94.9,44.7,3.4,27.6,75.7,63.5,7,5.3,59,48.1,1534.50,170,997.40,2702.00,63.1,10.0,250.0,56.8,1704.60
1993Q3,45.4,8.7,32.2,86.2,62.7,16,11.1,52.6,54,441.2,48.4,271.5,761.10,64.3,9.9,68.3,58,489.6,146.4,15.5,103.4,265.2,61,9.6,26.4,55.2,161.8,88.1,9.4,69.1,166.6,58.5,9.7,14.9,52.9,97.5,86.6,9.7,61,157.3,61.2,10.1,18,55.1,96.3,37.7,4.8,32.3,74.8,56.8,11.3,7.4,50.4,42.5,88.1,9,69.5,166.5,58.3,9.3,15.1,52.9,97,192.7,19.6,104,316.3,67.1,9.2,30.1,60.9,212.3,65.5,5.7,45.7,116.8,60.9,8,10.4,56,71.1,217.9,15.4,130.7,364,64.1,6.6,26.4,59.9,233.3,89.2,7.7,61,157.8,61.3,7.9,10.9,56.5,96.8,45.6,4,26.1,75.7,65.5,8.1,5.4,60.2,49.6,1544.20,157.7,1006.50,2708.40,62.8,9.3,244.4,57.0,1702.00
1993Q4,49,8.2,30.9,88.2,64.9,14.3,11.6,55.6,57.2,449.3,42.7,261.6,753.70,65.3,8.7,65,59.6,492,152.5,16.4,96.7,265.6,63.6,9.7,28,57.4,168.8,88.7,11.7,73.7,174.1,57.7,11.7,19.3,50.9,100.4,86.5,12.4,61.4,160.3,61.7,12.6,21.4,54,99,41.4,4.6,31.9,77.9,59,9.9,8.6,53.2,46,88.4,9.4,68.1,166,58.9,9.6,13.4,53.3,97.8,195.9,20.6,100.7,317.2,68.3,9.5,31.8,61.8,216.5,68.2,7,42.6,117.7,63.8,9.2,11.1,57.9,75.2,220.3,19.1,127.8,367.2,65.2,8,31,60,239.4,87.2,6.7,54.3,148.2,63.4,7.2,11.3,58.8,93.9,49.3,3.7,29.3,82.3,64.4,7,7.5,59.9,53,1576.80,162.5,979.10,2718.40,64.0,9.3,260.1,58.0,1739.30
1994Q1,54.4,7.9,33.8,96.1,64.8,12.7,10.9,56.6,62.3,458.3,51.3,268.7,778.30,65.5,10.1,71.2,58.9,509.5,152.2,16.5,96.4,265,63.6,9.8,26.2,57.4,168.6,96.3,14.6,63.7,174.6,63.5,13.2,21.3,55.1,110.9,80.5,11.6,54.9,147,62.7,12.6,18.3,54.7,92.1,44.2,4.9,34.7,83.8,58.6,9.9,8.4,52.8,49.1,90.6,9.6,67,167.2,59.9,9.6,16.2,54.2,100.2,190.1,19.4,108.9,318.3,65.8,9.3,30.5,59.7,209.4,66.5,7.3,40.7,114.5,64.5,9.9,12.1,58.1,73.8,214.4,19.2,128.9,362.5,64.4,8.2,30.5,59.1,233.6,84.2,4.8,50.6,139.6,63.7,5.4,8.8,60.3,89,50.9,3.1,28.7,82.7,65.3,5.7,4.8,61.6,54,1582.40,170.3,976.90,2729.60,64.2,9.7,259.2,58.0,1752.70
1994Q2,51.4,7.6,33.7,92.8,63.6,12.9,9.9,55.4,59,467.2,40.5,277.8,785.40,64.6,8,59.9,59.5,507.6,150.1,15.5,100.1,265.8,62.3,9.4,26.6,56.5,165.7,98.2,11.7,62,171.9,63.9,10.6,18.1,57.1,109.9,80,7.6,56.6,144.3,60.8,8.7,14.8,55.5,87.7,47.1,4.2,30.6,82,62.6,8.2,7.5,57.5,51.4,89.5,8.7,72,170.3,57.7,8.9,12.7,52.6,98.3,198.4,20.3,106.1,324.8,67.3,9.3,28.5,61.1,218.7,69.4,5,40.1,114.5,65,6.8,8.6,60.6,74.4,213.6,16.7,132.2,362.5,63.5,7.2,24.3,58.9,230.2,83.9,5.8,53.5,143.1,62.6,6.4,9.2,58.6,89.6,49.7,3.5,27.9,81,65.6,6.5,6.6,61.3,53.1,1598.50,147,992.80,2738.30,63.7,8.4,226.6,58.4,1745.50
1994Q3,49.7,8.6,38.5,96.8,60.2,14.7,11.6,51.4,58.3,474.5,37.6,277.7,789.80,64.8,7.3,58.2,60.1,512.1,152.2,12.8,95,259.9,63.5,7.7,20.6,58.5,164.9,91.5,10.3,62.2,164,62.1,10.1,15.1,55.8,101.8,84.4,8.2,54.2,146.8,63.1,8.9,15.9,57.5,92.6,48.4,4.2,30.2,82.8,63.6,8.1,7.3,58.4,52.7,87.6,8.9,66.9,163.4,59.1,9.2,13.8,53.6,96.5,196.9,17.2,114.2,328.3,65.2,8,27.6,60,214.1,72.4,4.6,39.3,116.3,66.2,6,7.7,62.2,76.9,220.6,14,136.2,370.9,63.3,6,22.8,59.5,234.6,87.8,5.5,57.3,150.5,62,5.9,9.4,58.3,93.3,47.3,3.9,25.4,76.7,66.8,7.7,6.8,61.7,51.2,1613.30,135.8,997.20,2746.30,63.7,7.8,216.7,58.7,1749.10
1994Q4,46.4,7.8,38.2,92.3,58.7,14.4,11.1,50.2,54.2,487.7,35.1,265.7,788.50,66.3,6.7,56.6,61.9,522.8,156.5,13.2,96,265.7,63.9,7.8,22.4,58.9,169.7,92.4,10,62.2,164.6,62.2,9.8,16,56.2,102.4,86,8.9,52.4,147.2,64.4,9.3,15.1,58.4,94.8,51.7,4.3,30.3,86.3,64.9,7.7,8.2,59.9,56,96,9.2,65.7,171,61.5,8.8,16.9,56.1,105.2,205,17.1,108.7,330.9,67.2,7.7,28.1,62,222.2,71.3,4.9,39.3,115.5,66,6.4,9,61.7,76.2,220.9,15.3,134.2,370.4,63.8,6.5,23.3,59.6,236.2,88.5,5.7,51.2,145.4,64.8,6,10.7,60.9,94.2,51.4,3.3,25.1,79.8,68.6,6,5.2,64.5,54.7,1653.70,134.8,968.90,2757.40,64.9,7.5,222.6,60.0,1788.50
1995Q1,45.2,7.2,35.1,87.5,59.9,13.8,9.4,51.6,52.4,485.7,30.7,268.6,785.00,65.8,6,48.5,61.9,516.4,157,15.2,96.2,268.5,64.2,8.8,23.4,58.5,172.2,85.9,9.8,66.2,161.9,59.1,10.2,15.8,53.1,95.7,84.9,8.6,52,145.5,64.2,9.2,13.9,58.3,93.5,51.9,4.4,28.7,85,66.2,7.8,6.6,61,56.3,96.3,6.2,65.2,167.7,61.1,6,11.8,57.4,102.5,208.8,17.1,110.5,336.4,67.1,7.6,25.4,62.1,225.9,71.9,6,37.3,115.1,67.6,7.7,9.8,62.4,77.9,230.6,14.7,136.8,382.1,64.2,6,24.3,60.3,245.3,92,4.8,56.8,153.6,63,4.9,7.7,59.9,96.8,52.4,2.7,26.4,81.5,67.6,4.8,5.4,64.3,55.1,1662.50,127.4,979.90,2769.80,64.6,7.1,201.9,60.0,1789.90
1995Q2,49.1,5.5,35.4,90,60.6,10.1,8.2,54.5,54.6,486.1,30,266.9,783.00,65.9,5.8,44.9,62.1,516.1,165.7,12.1,95.6,273.4,65,6.8,19.5,60.6,177.8,92.9,10,62,164.9,62.4,9.7,13.9,56.3,102.9,81.9,6.2,54.8,142.9,61.7,7,12.6,57.3,88.1,49.5,3.3,31.1,83.9,62.9,6.2,6.6,59,52.7,97.3,6.4,67.5,171.2,60.6,6.2,11.8,56.8,103.7,207.7,14.2,117.1,339.1,65.5,6.4,23.6,61.3,222,74.7,3.2,38.6,116.5,66.9,4.1,6,64.1,77.9,226.7,14.1,136.8,377.6,63.8,5.9,24,60,240.8,92.5,4.9,58,155.3,62.7,5,7.7,59.5,97.3,51.5,2.9,27,81.4,66.8,5.3,6,63.3,54.4,1675.60,112.7,990.90,2779.30,64.3,6.3,185.0,60.3,1788.40
1995Q3,49.7,5.6,35.7,90.9,60.8,10.1,8,54.7,55.3,508.8,29.1,266.9,804.80,66.8,5.4,46.9,63.2,538,162.5,11,96.2,269.7,64.3,6.4,17.8,60.3,173.5,92.7,7,68.2,167.9,59.4,7,12.9,55.2,99.7,83.1,6.9,55.5,145.5,61.9,7.6,13,57.1,90,45.3,4.1,29.1,78.5,62.9,8.3,5.8,57.7,49.4,97.8,8.6,64.3,170.8,62.3,8.1,12.9,57.3,106.4,212.3,14.8,110.4,337.5,67.3,6.5,23.4,62.9,227.1,72.9,4.3,39.2,116.4,66.3,5.6,6.9,62.6,77.2,220.9,12,143.2,376.2,61.9,5.2,20.9,58.7,233,91.9,3.7,55.2,150.8,63.4,3.9,6.8,60.9,95.6,49.8,1.9,28.1,79.7,64.8,3.7,5,62.4,51.7,1687.70,109.1,991.90,2788.70,64.4,6.1,180.3,60.5,1796.80
1995Q4,51.6,7,34.2,92.8,63.1,11.9,9.2,55.6,58.6,517.1,28.3,256.2,801.70,68,5.2,49.6,64.5,545.5,167.3,11.7,91.7,270.8,66.1,6.5,17.7,61.8,179,92.6,8.5,67.6,168.6,59.9,8.4,16.1,54.9,101,82.8,5.6,55.6,143.9,61.4,6.3,12.6,57.5,88.3,46.3,3.3,29,78.5,63.1,6.6,5.5,58.9,49.5,100.7,8.8,62.8,172.3,63.5,8,15.1,58.5,109.5,219.4,16.3,110.4,346.1,68.1,6.9,25.6,63.4,235.7,74.5,3.2,38.7,116.4,66.8,4.1,5.6,64,77.7,229,14.6,138.5,382.1,63.7,6,23.4,59.9,243.6,89.5,6.5,52.3,148.3,64.7,6.8,10.3,60.4,96,49.8,2.9,27.7,80.4,65.5,5.5,6.5,61.9,52.7,1720.60,116.5,964.80,2801.90,65.6,6.3,197.2,61.4,1837.10
1996Q1,49.2,6.7,37.8,93.7,59.7,12,9.8,52.5,55.9,519,28.2,263.6,810.80,67.5,5.2,47.6,64,547.2,159.5,14.2,95,268.6,64.6,8.2,23.2,59.4,173.6,91.2,9.4,65.3,165.9,60.7,9.4,17.5,55,100.6,83.8,6.2,53.6,143.6,62.7,6.9,10.9,58.3,90,44.3,3.6,29.8,77.7,61.7,7.6,5.7,57,47.9,97.1,7.9,65.1,170.1,61.7,7.6,12.5,57,105,217.3,17.9,104.4,339.5,69.3,7.6,24.9,64,235.1,76.9,4,40.3,121.1,66.7,4.9,6.4,63.5,80.8,237.8,17.5,131.2,386.5,66,6.8,28.2,61.5,255.3,93.9,5.1,57.1,156,63.4,5.1,7.8,60.2,98.9,53,2.5,26.8,82.3,67.4,4.4,4.5,64.4,55.5,1722.90,123.1,969.90,2815.90,65.6,6.7,199.1,61.2,1846.00
1996Q2,50.1,6.5,38,94.7,59.9,11.5,9.2,53,56.7,527.3,29.3,260,816.70,68.2,5.3,49.8,64.6,556.6,162.7,11.2,97.9,271.9,64,6.5,19.8,59.9,174,89.6,6.3,66.8,162.7,59,6.6,13.7,55.1,95.9,84.5,6.7,56.2,147.5,61.9,7.4,13.6,57.3,91.2,44.8,3.1,32.2,80.1,59.8,6.5,5.8,55.9,47.9,99.5,6.7,63.9,170,62.4,6.3,11.5,58.5,106.2,222,15.2,106.7,343.8,69,6.4,23.1,64.6,237.1,75,4.7,39.4,119.1,66.9,5.9,6.5,63,79.7,238.1,15.1,132.7,385.9,65.6,6,23.7,61.7,253.3,90,5.6,56.6,152.2,62.8,5.8,7.1,59.2,95.6,52.2,2.6,26.8,81.6,67.1,4.7,5.3,64,54.8,1735.80,113.1,977.20,2826.00,65.4,6.1,189.3,61.4,1848.80
1996Q3,53.6,5.4,36.7,95.7,61.7,9.2,9.3,56,59,536.4,32.8,263.2,832.30,68.4,5.8,52.1,64.4,569.1,164.5,13.4,93,270.9,65.7,7.5,19.1,60.7,177.8,94.7,8.4,60.2,163.4,63.1,8.2,14.1,58,103.1,85,8.4,57.9,151.3,61.7,9,15.4,56.2,93.3,42.8,3.8,30.2,76.9,60.7,8.2,6.3,55.8,46.7,93.8,6.4,62.8,163,61.5,6.4,11.2,57.6,100.2,224.8,12.7,108.4,346,68.7,5.4,21.6,65,237.6,72.5,4.7,40.3,117.6,65.7,6.1,7.3,61.7,77.3,237,13.9,134.5,385.4,65.1,5.5,24.6,61.5,250.9,94.1,4.3,55.4,153.8,64,4.4,8.5,61.2,98.4,48.1,2.9,27.8,78.9,64.7,5.7,5.7,61,51.1,1747.40,117.1,970.50,2835.00,65.8,6.3,195.1,61.6,1864.50
1996Q4,53.7,4,40.4,98.1,58.8,7,6.9,54.7,57.7,533.7,28.9,262.9,825.50,68.2,5.1,50.8,64.6,562.6,165.1,11.5,96.5,273.1,64.7,6.5,21.3,60.4,176.6,95.8,9.8,64.3,169.9,62.2,9.3,16.3,56.4,105.6,88.1,7.5,55.1,150.7,63.4,7.9,14.4,58.4,95.6,47,3.8,29.5,80.3,63.3,7.4,6.2,58.6,50.8,93.3,6.1,64.4,163.9,60.7,6.1,11.7,57,99.4,228.4,14.6,108.6,351.6,69.1,6,22.7,65,243,75.6,5.8,41.3,122.6,66.4,7.1,8.3,61.6,81.4,237,15.8,133.5,386.3,65.4,6.3,27.3,61.4,252.8,90.9,4.4,52.2,147.4,64.6,4.6,8.9,61.7,95.3,47.7,2.5,27.4,77.5,64.7,4.9,4.7,61.5,50.1,1756.30,114.8,976.00,2847.10,65.7,6.1,199.4,61.7,1871.00
1997Q1,55.7,5.3,38.6,99.6,61.2,8.8,9,55.9,61,530.8,36.4,272.3,839.50,67.6,6.4,58.1,63.2,567.2,158,14.5,95.8,268.2,64.3,8.4,22.1,58.9,172.4,92.4,11,63.3,166.7,62,10.6,18.8,55.4,103.4,89.6,8.7,55.5,153.8,63.9,8.8,15,58.3,98.3,45.3,4.1,30.1,79.6,62.2,8.4,7.3,57,49.5,94.3,6.1,60,160.4,62.6,6.1,10,58.8,100.4,229.1,16.1,108.3,353.5,69.4,6.6,24.5,64.8,245.2,76.6,4.3,40.2,121.1,66.8,5.3,7.7,63.3,80.9,233.3,18.1,134.6,386,65.1,7.2,30.9,60.4,251.4,92.7,4.8,57.2,154.7,63,4.9,7.3,59.9,97.5,48.2,2.3,25.4,75.9,66.5,4.5,3.7,63.5,50.5,1746.10,131.7,981.20,2859.00,65.7,7.0,214.4,61.1,1877.80
1997Q2,55.4,6.5,42.8,104.6,59.1,10.5,11,52.9,61.8,536.6,40.5,272.6,849.60,67.9,7,63.2,63.2,577,155.7,12.6,96.5,264.8,63.5,7.5,17.9,58.8,168.3,95.5,9.6,62.6,167.7,62.7,9.1,15.8,56.9,105.1,83,7.4,58.5,148.9,60.7,8.2,13.5,55.7,90.4,43.5,3.3,29.1,75.9,61.7,7,5.2,57.4,46.8,91.7,5.7,59.6,157,62,5.9,9.1,58.4,97.4,238,13.3,107.4,358.6,70.1,5.3,18.5,66.4,251.3,75.9,4.7,38.5,119.1,67.7,5.9,7.5,63.7,80.7,239.3,15.4,141.4,396,64.3,6,25.7,60.4,254.6,89.6,5.2,56.1,150.9,62.8,5.5,7.8,59.4,94.8,43.8,1.9,27.7,73.4,62.2,4.1,3.4,59.6,45.7,1747.80,126,992.70,2866.60,65.4,6.7,198.7,61.0,1873.80
1997Q3,56.9,5.9,44.4,107.1,58.6,9.3,9.6,53.1,62.8,537.1,42.3,262.1,841.50,68.9,7.3,68.9,63.8,579.4,159.9,11.5,105.8,277.2,61.8,6.7,18.7,57.7,171.4,96.7,8.8,62,167.4,63,8.3,15.5,57.7,105.4,81.1,9.2,58.5,148.8,60.7,10.2,15.3,54.5,90.3,46.8,4.1,29,79.9,63.7,8,5.8,58.6,50.9,92,5.4,63.1,160.4,60.7,5.5,10.6,57.3,97.4,232.1,12.1,110.5,354.7,68.8,5,18,65.4,244.2,77.3,3.9,38.7,119.9,67.7,4.8,6.4,64.5,81.1,233.2,17.1,141.9,392.2,63.8,6.8,26.7,59.5,250.3,87,4.2,57.9,149.1,61.2,4.6,7.8,58.4,91.2,44.7,3.3,26.6,74.7,64.4,6.9,5.2,59.9,48.1,1744.70,127.7,1000.40,2872.80,65.2,6.8,208.4,60.7,1872.40
1997Q4,57.8,6.5,43.6,107.8,59.6,10.1,10.8,53.6,64.3,549.5,41.2,264,854.80,69.1,7,66.4,64.3,590.7,161.6,12.8,101.9,276.3,63.1,7.3,21.1,58.5,174.4,95.8,9.6,62.6,168,62.7,9.1,17.5,57,105.4,81.9,7.3,58.7,148,60.3,8.2,14.2,55.4,89.2,46.2,3.3,29.5,78.9,62.6,6.6,5,58.5,49.5,86.6,5.3,62.1,154,59.7,5.7,11.2,56.2,91.9,240.8,14.9,112.5,368.2,69.4,5.8,23.6,65.4,255.7,83.5,4.1,37.1,124.7,70.3,4.7,7,66.9,87.6,228.3,15.2,142.1,385.6,63.1,6.2,27.7,59.2,243.5,85.6,5.5,48.5,139.6,65.2,6.1,11.3,61.3,91.1,46,3.2,26.6,75.8,64.9,6.5,5.8,60.7,49.2,1763.40,129,989.30,2881.60,65.7,6.8,221.6,61.2,1892.40
1998Q1,55.9,8.1,44.4,108.5,59,12.7,10.8,51.5,64.1,536.1,45.1,270.1,851.40,68.3,7.8,72.9,63,581.3,160.5,14.6,97.9,273,64.1,8.3,23.9,58.8,175.1,94.9,10.4,64.7,170.1,62,9.9,18.3,55.8,105.4,79.2,8.2,60.6,148,59,9.4,15.4,53.5,87.4,46.3,3.3,28.1,77.8,63.8,6.7,5.7,59.5,49.6,87.6,7.6,61.8,157,60.6,8,12.2,55.8,95.2,235.6,14.4,114.7,364.7,68.6,5.8,20.9,64.6,250,83.7,4.8,38.9,127.4,69.5,5.5,8.2,65.7,88.5,230.8,20.2,137.9,388.8,64.5,8,30,59.4,250.9,86.7,6.5,50.1,143.3,65,6.9,11.2,60.5,93.2,50,3.3,26.3,79.7,67,6.2,4.8,62.8,53.4,1747.60,146.5,995.60,2889.70,65.5,7.7,234.4,60.5,1894.10
1998Q2,53.7,7,43,103.8,58.5,11.6,9.2,51.8,60.8,529.3,45.3,279.2,853.80,67.3,7.9,69.9,62,574.6,155.4,14.2,99.7,269.4,63,8.4,22.2,57.7,169.7,97,13.6,60.5,171.1,64.7,12.3,21.7,56.7,110.6,81.2,8.1,59.2,148.5,60.1,9.1,14.2,54.7,89.3,44.4,4,28.3,76.6,63.1,8.2,6.3,57.9,48.4,90.6,6.7,66.1,163.4,59.5,6.9,13.5,55.4,97.3,240.5,13.6,117.1,371.2,68.4,5.4,22.6,64.8,254.1,79.4,6.2,40.2,125.7,68.1,7.3,9.5,63.1,85.6,224.4,18.5,145,388,62.6,7.6,31.1,57.9,243,85,6.2,51.5,142.7,63.9,6.8,9.4,59.6,91.2,49.7,3.3,27.1,80.1,66.1,6.2,6.1,62,53,1730.70,146.7,1016.90,2894.30,64.9,7.8,235.7,59.8,1877.40
1998Q3,52,6.7,46.1,104.8,56,11.5,9.7,49.6,58.7,536.2,38.9,282,857.10,67.1,6.8,61.5,62.6,575.1,152.7,14,101.5,268.2,62.2,8.4,22.6,56.9,166.7,93,11.8,60.8,165.7,63.3,11.3,18.5,56.2,104.9,80.9,9.6,64.4,154.9,58.4,10.6,17,52.2,90.5,44.6,3.3,28.4,76.3,62.7,6.9,5.7,58.4,47.9,89.3,8,64.8,162.1,60,8.3,12.8,55.1,97.4,233.1,14.1,118.7,365.9,67.6,5.7,20.8,63.7,247.2,83.6,5.3,39.4,128.3,69.3,6,8.9,65.2,88.9,228.1,17.4,143.8,389.3,63.1,7.1,28.9,58.6,245.5,88.2,6.7,49.6,144.4,65.7,7,10.9,61.1,94.9,49.1,4.7,27.6,81.4,66.1,8.8,7.3,60.3,53.8,1730.70,140.7,1027.00,2898.40,64.6,7.5,224.5,59.7,1871.40
1998Q4,54.9,9,43.9,107.8,59.3,14.1,12.4,50.9,63.9,537.6,38.5,285.4,861.50,66.9,6.7,63.1,62.4,576.1,154.4,15.7,105.7,275.8,61.7,9.2,24.2,56,170.1,93.3,12.6,60,165.9,63.8,11.9,20.8,56.2,105.9,83.9,7.3,62.7,154,59.2,8.1,14.4,54.5,91.2,48.4,3.8,28.1,80.3,65,7.3,5.6,60.2,52.2,89.6,5.4,62.4,157.3,60.3,5.6,11.1,56.9,94.9,233,17.7,114.2,364.9,68.7,7.1,26,63.9,250.7,85.9,4.8,39.1,129.8,69.9,5.3,7.8,66.2,90.7,232,21.5,137,390.5,64.9,8.5,33.7,59.4,253.5,84.6,6.6,46.2,137.4,66.4,7.3,11.5,61.5,91.2,50.4,3.9,25.6,79.9,68,7.1,6.9,63.1,54.3,1747.90,146.8,1010.40,2905.10,65.2,7.7,237.6,60.2,1894.70
1999Q1,54.6,8.3,43.6,106.6,59.1,13.2,13.7,51.3,63,538.9,40.6,285.6,865.10,67,7,63.2,62.3,579.5,154.8,17.8,98.3,270.9,63.7,10.3,26.2,57.2,172.6,92.5,12.6,61.2,166.4,63.2,12,19.8,55.6,105.1,88.3,6.5,61.2,156,60.8,6.9,11.6,56.6,94.8,47,3.5,29.6,80.1,63,6.9,5.9,58.6,50.5,85.1,6.9,63,155,59.4,7.5,10.7,54.9,92,226.4,16.1,114.9,357.3,67.8,6.6,24.7,63.4,242.4,81.6,5.3,41.7,128.6,67.6,6.1,8.6,63.4,86.9,246.3,20.7,137.4,404.5,66,7.8,31.9,60.9,267,90.1,7.5,46.1,143.7,67.9,7.6,12.4,62.7,97.6,49.6,3.2,24.1,76.9,68.7,6,5.4,64.5,52.8,1755.20,149.1,1006.60,2911.00,65.4,7.8,234.0,60.3,1904.30
1999Q2,52.9,8.6,44,105.6,58.3,14,14,50.1,61.5,537.3,36.5,290.1,863.80,66.4,6.4,58.1,62.2,573.8,157.3,15,92.8,265.1,65,8.7,22.2,59.3,172.2,97.8,12,64.7,174.6,62.9,11,18.7,56,109.9,89.8,7.1,60.8,157.7,61.4,7.3,13,56.9,96.9,45,3,29.1,77.2,62.3,6.3,5.7,58.4,48.1,91,5.6,66.5,163.1,59.2,5.8,10.5,55.8,96.6,214.2,15.3,114.3,343.8,66.8,6.7,23.9,62.3,229.5,78.8,4.8,43.4,127,65.8,5.8,7.9,62,83.6,252.8,19.6,142.9,415.3,65.6,7.2,32,60.9,272.4,84.3,6.2,55.1,145.6,62.2,6.9,12,57.9,90.6,48.9,3.2,22.8,74.9,69.6,6.1,5.6,65.3,52.1,1750.10,137,1026.60,2913.80,64.8,7.3,223.6,60.1,1887.20
1999Q3,59.2,6,39.4,104.7,62.3,9.3,9.9,56.6,65.3,531.8,35.8,290.5,858.10,66.2,6.3,55.2,62,567.6,159,13.1,94,266.1,64.7,7.6,19.6,59.7,172,105.3,10.7,64.9,180.9,64.1,9.2,18.2,58.2,116,85.1,7,56.4,148.4,62,7.6,12,57.3,92,47.6,3.4,30.5,81.5,62.6,6.8,7.3,58.4,51,89.5,7,67.5,164.1,58.8,7.2,11.2,54.6,96.5,226.3,12.2,119.3,357.8,66.7,5.1,18.7,63.2,238.6,72.7,5.3,42.3,120.3,64.8,6.8,7.8,60.4,78,250.1,18.9,140.8,409.7,65.6,7,34.3,61,269,87.4,6.5,59.4,153.3,61.2,6.9,13.6,57,93.9,45.2,2.7,24.8,72.7,65.9,5.7,5.3,62.2,47.9,1759.20,128.6,1029.80,2917.60,64.7,6.8,213.1,60.3,1887.80
1999Q4,56.7,6.1,43.1,105.9,59.4,9.7,11.6,53.6,62.9,549.4,28.9,292.1,870.40,66.4,5,51.3,63.1,578.3,171.6,11.8,83.9,267.3,68.6,6.4,18.2,64.2,183.4,110.9,10.4,67.8,189.1,64.1,8.5,17.6,58.7,121.3,82.3,8.4,56.8,147.5,61.5,9.2,13.9,55.8,90.7,49.5,4.8,27.6,81.9,66.3,8.9,7.1,60.4,54.3,92.9,8,69.2,170.1,59.3,7.9,13.2,54.6,100.9,224.9,9.8,114.8,349.5,67.2,4.2,17.4,64.4,234.7,77.4,5.3,40.5,123.2,67.1,6.4,8.1,62.8,82.7,250.3,17.9,134.2,402.4,66.6,6.7,28.3,62.2,268.2,91.2,5.8,52.1,149.1,65.1,6,11.3,61.2,97,43.4,3,22.3,68.7,67.5,6.4,4.8,63.2,46.4,1800.70,120.1,1004.40,2925.20,65.7,6.3,202.8,61.6,1920.80
2000Q1,60,6.6,41.4,108,61.7,9.9,10.8,55.6,66.6,551.8,38.5,294.7,885.00,66.7,6.5,62.3,62.3,590.3,174.5,15.1,88.2,277.8,68.3,8,22,62.8,189.6,105,8.6,66.9,180.5,62.9,7.5,15.6,58.2,113.6,83.2,6.5,54.6,144.4,62.2,7.3,11.4,57.7,89.8,47.2,5.3,26.8,79.3,66.3,10.1,7.3,59.6,52.6,93.4,6.7,70,170.1,58.9,6.7,14.2,54.9,100.2,219,14.9,113.9,347.8,67.2,6.4,22.7,63,233.8,77.2,4,41.2,122.4,66.3,4.9,6.9,63.1,81.2,246.3,15.3,140.6,402.2,65,5.9,25.6,61.2,261.6,86.5,6.1,50.7,143.3,64.6,6.6,9.3,60.4,92.6,43.1,3.1,25.2,71.4,64.7,6.7,5.1,60.3,46.2,1787.30,130.7,1014.10,2932.10,65.4,6.8,213.1,61.0,1918.00
2000Q2,58.2,5.8,40.3,104.2,61.3,9,9.4,55.8,63.9,531.1,33.6,304.4,869.10,65,6,54.8,61.1,564.7,171.4,10.7,94.6,276.6,65.8,5.9,16.9,62,182.1,104.6,10.3,64.4,179.3,64.1,9,16.7,58.3,114.9,84.7,5.6,56.7,146.9,61.4,6.2,9.8,57.6,90.3,43.4,3.9,30.1,77.5,61.1,8.3,6.2,56,47.3,90.4,6.6,70.1,167.1,58,6.8,11.2,54.1,97,233.1,13.3,108.1,354.5,69.5,5.4,22.1,65.8,246.4,76.6,4.4,41.9,123,65.9,5.5,7.6,62.3,81,250.3,16.6,145.1,412,64.8,6.2,25.9,60.8,266.9,87.8,5.9,60.8,154.5,60.7,6.3,9.5,56.8,93.7,43.3,2.1,25.2,70.6,64.3,4.7,4.4,61.3,45.4,1774.70,118.8,1041.60,2935.10,64.5,6.3,194.6,60.5,1893.50
2000Q3,55.1,5.6,39.7,100.4,60.4,9.2,9,54.8,60.7,543.9,30.2,306.1,880.20,65.2,5.3,47.7,61.8,574.1,169.9,11.2,89.7,270.8,66.9,6.2,16,62.7,181.1,107.4,9.9,64.7,181.9,64.4,8.4,15.2,59,117.3,84.4,7,55.3,146.7,62.3,7.7,14.9,57.5,91.4,47.3,3.1,28.5,78.9,63.9,6.2,5.2,60,50.4,95.2,6.8,68,170,60,6.7,10.8,56,102,236.1,12.7,113,361.8,68.8,5.1,22,65.3,248.8,76.4,3.7,43.5,123.6,64.8,4.6,7,61.8,80.1,254.9,14.7,140.4,410,65.7,5.5,24,62.2,269.6,88.9,4.9,53,146.8,63.9,5.2,8.5,60.6,93.8,41.1,2.2,25.1,68.4,63.2,5,4.7,60,43.2,1800.40,112,1027.10,2939.50,65.1,5.9,185.0,61.2,1912.40
2000Q4,55.5,5.6,38.9,100,61.1,9.1,9,55.5,61.1,554.6,30.2,304.3,889.20,65.8,5.2,51.2,62.4,584.8,173.7,11.2,89.8,274.7,67.3,6,17.8,63.2,184.9,102.8,7.4,67.2,177.4,62.1,6.7,15.7,57.9,110.2,87.1,7.5,53.1,147.6,64,7.9,12.2,59,94.5,50.7,2.9,27.6,81.2,66,5.4,4.9,62.5,53.6,100.8,5.8,65.3,171.8,62,5.4,10.5,58.6,106.5,238.7,11.9,103.8,354.4,70.7,4.7,18.8,67.3,250.5,80.8,4,41.5,126.3,67.1,4.7,7.1,64,84.8,262,15,134.7,411.6,67.3,5.4,25.6,63.6,276.9,88.4,5.4,48.1,141.8,66.1,5.8,11.4,62.3,93.7,42.8,2.6,25.7,71.1,63.9,5.8,4.7,60.2,45.4,1837.70,109.4,1000.10,2947.20,66.1,5.6,189.1,62.4,1947.10
2001Q1,57.9,4.9,42.9,105.6,59.4,7.8,8.4,54.8,62.8,555.8,32.1,308.3,896.10,65.6,5.5,50.7,62,587.9,167.1,11.8,91.1,270,66.3,6.6,18,61.9,178.9,99.9,9.9,70.2,180,61,9,16.6,55.5,109.9,91.1,6.8,52.1,150,65.3,7,11.1,60.7,97.9,48.5,3.2,28.7,80.5,64.3,6.2,5.4,60.3,51.7,102.8,7.3,66.3,176.4,62.4,6.7,11.4,58.2,110.1,226.3,10.7,111.5,348.5,68,4.5,19.1,64.9,237,83.3,2.5,38.3,124.2,69.2,3,4.9,67.1,85.9,260.4,16.7,133.3,410.3,67.5,6,27.2,63.5,277.1,89.6,5,47.2,141.8,66.7,5.3,9.6,63.2,94.6,45.3,1.3,24.5,71.1,65.6,2.9,3.2,63.7,46.6,1827.90,112.3,1014.30,2954.60,65.7,5.8,185.7,61.9,1940.30
2001Q2,54.9,4.1,40.8,99.9,59.1,7,8.1,55,59,566.4,34,314.6,915.00,65.6,5.7,55.4,61.9,600.4,168.5,10.8,95.5,274.8,65.2,6,16.2,61.3,179.2,99.7,8.5,69.8,177.9,60.8,7.9,16,56,108.2,86.1,6,54.3,146.4,62.9,6.6,11.4,58.8,92.1,44.7,2.3,27.3,74.2,63.2,4.9,4.4,60.2,46.9,97.3,4.7,68.4,170.4,59.9,4.6,9.1,57.1,102,241.1,8.1,105.2,354.4,70.3,3.2,15.4,68,249.2,78.2,2,39.3,119.5,67.1,2.5,3.7,65.5,80.3,263.5,16.3,128,407.8,68.6,5.8,25.5,64.6,279.8,84.8,5.4,55.4,145.6,61.9,6,10.9,58.2,90.2,45.8,1.6,24.9,72.3,65.5,3.3,3,63.3,47.3,1830.90,103.8,1023.50,2958.20,65.4,5.4,179.0,61.9,1934.70
2001Q3,55.5,5.2,43.4,104.2,58.3,8.6,9.8,53.3,60.8,566.6,25.6,320.5,912.80,64.9,4.3,45.7,62.1,592.2,171.2,10.8,92.8,274.8,66.2,5.9,18.9,62.3,182,100.2,9.5,64.7,174.4,62.9,8.6,14.8,57.4,109.7,86.9,5.5,54.9,147.3,62.7,6,11.3,59,92.4,48.4,3,26,77.4,66.4,5.8,4.6,62.5,51.4,101,4.6,66.9,172.5,61.2,4.4,9.3,58.5,105.6,225.1,11,109.3,345.4,68.4,4.7,20.3,65.2,236.1,76.8,3.7,40.2,120.7,66.7,4.6,6.5,63.6,80.5,270,14.7,131,415.7,68.5,5.2,26.4,65,284.7,92,6.6,50.4,149,66.2,6.7,11.5,61.8,98.6,45.5,1.3,26,72.7,64.2,2.7,3.3,62.5,46.7,1839.20,101.5,1026.20,2966.90,65.4,5.2,182.4,62.0,1940.70
2001Q4,59.9,6.3,40.5,106.7,62,9.5,11.7,56.2,66.2,578.8,28.4,310.3,917.40,66.2,4.7,53.1,63.1,607.1,174.8,11.7,89.4,275.9,67.6,6.3,18.7,63.4,186.5,108.3,9.6,64.3,182.3,64.7,8.2,15.9,59.4,118,88,6.9,50.9,145.8,65.1,7.2,11.5,60.4,94.9,51,3.3,26.2,80.5,67.4,6,5.9,63.4,54.3,103.9,5.9,64,173.8,63.2,5.4,9.4,59.8,109.9,233.2,11.8,107.6,352.6,69.5,4.8,19.1,66.1,245,78.9,3.4,39,121.2,67.9,4.1,6,65.1,82.3,269.1,13.9,127,410.1,69,4.9,25.7,65.6,283.1,92.4,3.9,47.1,143.4,67.2,4.1,11,64.4,96.4,46.7,2.4,24,73.1,67.2,4.9,3.9,63.9,49.1,1885.20,107.5,990.20,2982.90,66.8,5.4,191.8,63.2,1992.70
2002Q1,54.9,6.9,41.5,103.2,59.8,11.1,12.2,53.2,61.7,586.5,30.6,311.2,928.40,66.5,5,55.6,63.2,617.1,171.6,11.6,85.7,268.8,68.1,6.3,17.1,63.8,183.1,109.7,8.9,66.8,185.4,64,7.5,15.4,59.2,118.6,91.6,4.8,48,144.4,66.7,5,8.9,63.4,96.3,49.2,2.6,26.2,78.1,66.4,5.1,4.8,63,51.8,101.8,6.8,63.6,172.2,63.1,6.3,10.8,59.1,108.6,233.7,14.6,107.9,356.1,69.7,5.9,22.9,65.6,248.2,81.4,3,40.3,124.7,67.7,3.6,6,65.2,84.4,276.3,16.1,131,423.3,69.1,5.5,28.6,65.3,292.4,92.1,6.3,44.8,143.3,68.7,6.4,10,64.3,98.5,48.1,1.9,22.9,72.8,68.6,3.7,3.5,66,49.9,1896.80,114,989.90,3000.60,67.0,5.7,195.8,63.2,2010.80
2002Q2,57.8,5.8,41,104.6,60.8,9.1,9.9,55.3,63.5,584.4,31.8,313.1,929.20,66.3,5.2,52.1,62.9,616.1,173.2,9.1,87.5,269.8,67.6,5,16.9,64.2,182.3,105.3,9.6,64.9,179.8,63.9,8.3,15.3,58.6,114.9,87.4,4.6,53.4,145.4,63.3,5,9.4,60.1,92,50.7,2.4,24.9,78.1,68.1,4.6,4.1,65,53.2,101.2,5.8,63.5,170.5,62.8,5.5,9.3,59.3,107,236,11.2,109.2,356.3,69.4,4.5,19.3,66.2,247.2,79.6,3.3,40.8,123.8,67,4,5.7,64.3,83,279.8,13.7,138.2,431.8,68,4.7,22.7,64.8,293.5,92.1,5.5,54.1,151.7,64.4,5.6,12.3,60.7,97.6,46.7,1.4,26.2,74.3,64.8,2.8,2.3,62.9,48.1,1894.10,104.2,1016.70,3015.00,66.3,5.2,179.4,62.8,1998.30
2002Q3,56.8,5.6,41.1,103.5,60.3,9,8.6,54.9,62.4,566.8,30,320,916.80,65.1,5,49.1,61.8,596.8,179.9,10.7,81.6,272.1,70,5.6,18.4,66.1,190.5,111.3,9,67.2,187.5,64.2,7.5,15.6,59.4,120.3,89.7,5,50.7,145.3,65.1,5.2,9.4,61.7,94.6,51,3.1,26.5,80.6,67.1,5.8,5.5,63.2,54.1,107.6,6,63.4,177,64.2,5.3,9.3,60.8,113.6,242.8,12.3,113.6,368.7,69.2,4.8,20.2,65.8,255.1,81.3,1.9,39.6,122.9,67.8,2.3,4.3,66.2,83.3,275,16.4,137.2,428.6,68,5.6,26.6,64.2,291.4,91,6.3,56,153.3,63.5,6.5,12.7,59.3,97.3,44.8,1.8,26.7,73.3,63.6,3.8,3.8,61.1,46.6,1897.90,108,1023.70,3029.60,66.2,5.4,183.4,62.6,2005.90
2002Q4,61.2,5.9,39.5,106.6,63,8.8,10.4,57.4,67.1,585.6,25.2,315.8,926.60,65.9,4.1,44,63.2,610.8,182.3,10.8,84.7,277.7,69.5,5.6,19.2,65.6,193.1,110.2,8.2,67.2,185.6,63.8,6.9,14.5,59.4,118.4,87.7,5.7,54.5,147.9,63.1,6.1,12.7,59.3,93.4,54.1,3.3,25.4,82.8,69.3,5.8,5.9,65.3,57.4,109.5,4.5,62.4,176.4,64.6,4,8.4,62.1,114,240,12.6,116.9,369.5,68.4,5,22,64.9,252.6,80.6,3.6,38.8,123,68.4,4.2,5.8,65.5,84.1,281.7,12.3,132,426,69,4.2,22,66.1,294,94.1,5.3,50.2,149.6,66.4,5.3,11.4,62.9,99.3,48.9,2,25.7,76.7,66.5,4,3.8,63.8,51,1935.80,99.4,1013.20,3048.40,66.8,4.9,180.0,63.5,2035.20
2003Q1,62.6,7.1,40.2,109.9,63.4,10.2,11,57,69.7,575,28,323.9,926.90,65.1,4.6,45.5,62,602.9,179.9,10.9,86.1,276.9,68.9,5.7,19.9,65,190.8,106.7,9.2,70.8,186.7,62.1,8,17.2,57.2,116,94.3,6.3,49.8,150.3,66.9,6.3,10.1,62.7,100.6,57.5,3.1,26.4,87,69.7,5.2,5.3,66.1,60.7,107.3,5.4,64.3,177,63.7,4.8,7.7,60.6,112.7,244,16.2,117.1,377.3,69,6.2,25.4,64.7,260.2,83.6,3,40.1,126.7,68.3,3.5,5.3,65.9,86.6,280.2,12.9,136.1,429.2,68.3,4.4,21.7,65.3,293.1,89.9,5.6,49,144.5,66.1,5.8,10.3,62.2,95.5,50.3,1.7,24.3,76.4,68.1,3.3,2.6,65.9,52.1,1931.30,109.5,1028.20,3069.00,66.5,5.4,182.1,62.9,2040.80
2003Q2,61,5.1,40.7,106.7,61.9,7.7,7.8,57.1,66,571.4,24.6,322.6,918.60,64.9,4.1,39.7,62.2,595.9,180.6,9.9,87.5,278.1,68.5,5.2,15,64.9,190.5,104,7.8,70.8,182.7,61.2,7,14.8,56.9,111.8,94.9,4.3,52.9,152,65.2,4.3,9.5,62.4,99.1,50.3,3,27.1,80.4,66.3,5.7,5.6,62.5,53.3,109.7,6.2,67.3,183.2,63.3,5.3,10.3,59.9,115.9,250.4,12.7,117.5,380.6,69.1,4.8,22.4,65.8,263.1,79.4,2.5,42.3,124.1,66,3,5.1,64,81.9,287,12.8,145.8,445.6,67.3,4.3,22.6,64.4,299.8,97.5,5.7,55.5,158.8,65,5.5,13,61.4,103.3,48.3,1.8,24.9,75,66.8,3.6,3.4,64.5,50.1,1934.40,96.4,1055.00,3085.80,65.8,4.7,169.2,62.7,2030.80
2003Q3,56.8,5.4,41.8,104,59.8,8.7,9.1,54.6,62.2,598.4,21.4,315.7,935.50,66.3,3.5,34,64,619.8,185.2,6.3,86.1,277.6,69,3.3,12.7,66.7,191.5,110,6.3,66.7,183,63.5,5.4,12.8,60.1,116.3,87.9,5,53.8,146.7,63.3,5.3,9.4,59.9,92.9,52.6,2.8,25.9,81.3,68.2,5.1,5,64.7,55.5,113,6.4,70.5,189.8,62.9,5.3,12.3,59.5,119.4,245.4,12.4,114.9,372.8,69.2,4.8,20.3,65.8,257.9,80,3.2,41.7,124.9,66.6,3.8,5.6,64.1,83.2,289.8,13.3,145.4,448.4,67.6,4.4,24,64.6,303,97.2,6,57.2,160.3,64.3,5.8,10.4,60.6,103.2,47.9,1.5,26.5,75.9,65.1,3,3.7,63.2,49.4,1964.20,90,1046.10,3100.30,66.3,4.4,159.1,63.4,2054.20
2003Q4,61.8,4.8,40,106.6,62.5,7.2,8.3,58,66.7,604.7,24.8,312.6,942.00,66.8,3.9,41.9,64.2,629.5,181.2,8.5,85.7,275.4,68.9,4.5,13.5,65.8,189.7,108.9,7.3,65.9,182.1,63.8,6.3,13.2,59.8,116.2,89.8,5.4,55.5,150.8,63.2,5.7,11.8,59.6,95.3,53.3,2.5,26.9,82.7,67.4,4.5,4.8,64.4,55.8,110.3,4.4,64.4,179.1,64,3.8,9.8,61.6,114.7,249.8,14.7,114.4,378.9,69.8,5.6,22.7,65.9,264.5,82.9,3.2,43.3,129.3,66.5,3.7,5.8,64.1,86,298.9,11.4,144,454.3,68.3,3.7,23.9,65.8,310.4,100.3,5.9,52.5,158.8,66.9,5.5,12.9,63.2,106.2,50.4,2.3,23.7,76.4,69,4.4,4.4,66,52.7,1992.50,95.2,1028.90,3116.60,67.0,4.6,173.0,63.9,2087.70
2004Q1,62.1,2.8,45.2,110.2,59,4.4,7.6,56.4,65,601,28.3,314.2,943.50,66.7,4.5,48.7,63.7,629.4,174.2,7.4,88.1,269.6,67.3,4.1,12.9,64.6,181.5,114.8,8.7,64.5,187.9,65.7,7,14,61.1,123.4,96.2,6.2,56.6,159,64.4,6.1,11.9,60.5,102.4,54.3,3.1,27.6,85,67.5,5.3,5.9,63.9,57.4,105.1,6.6,70.3,182,61.4,5.9,11.3,57.7,111.7,246.2,12.3,120.9,379.5,68.1,4.8,21,64.9,258.5,88,2.5,44.4,134.9,67.1,2.8,5.4,65.2,90.5,302,13.7,134.1,449.8,70.2,4.3,23.3,67.1,315.7,100,4.5,51,155.5,67.2,4.3,9.2,64.3,104.5,50.5,1.5,23.5,75.5,68.9,2.9,3.4,66.9,52.1,1994.30,97.7,1040.30,3132.30,66.8,4.7,174.6,63.7,2092.00
2004Q2,61.9,3.2,44.9,110,59.2,4.9,5.4,56.3,65.1,603.8,24.5,320.5,948.80,66.2,3.9,43,63.6,628.3,170.7,5.5,83.9,260,67.7,3.1,10,65.6,176.2,113.9,6.4,66.3,186.5,64.5,5.3,11.1,61,120.3,98.6,4.5,56.3,159.4,64.7,4.4,10.3,61.9,103.1,51.6,2,29.4,83,64.6,3.7,4.2,62.2,53.6,109.2,4.9,68.5,182.7,62.5,4.3,7.2,59.8,114.2,244.1,12.2,123.4,379.7,67.5,4.8,19.4,64.3,256.3,85.9,2.9,45.6,134.5,66.1,3.3,5.6,63.9,88.8,302.1,12.4,141.1,455.6,69,3.9,23.8,66.3,314.5,104.5,5,58.5,168,65.2,4.6,10.4,62.2,109.5,49.8,1.1,24.8,75.7,67.3,2.2,2.7,65.8,50.9,1996.10,84.7,1063.20,3144.00,66.2,4.1,153.1,63.5,2080.80
2004Q3,65.4,3.7,44.3,113.5,60.9,5.4,8.7,57.7,69.2,615.1,24.7,316.6,956.40,66.9,3.9,41.3,64.3,639.8,172.5,5.2,84.9,262.6,67.7,2.9,10.9,65.7,177.7,111.7,3.8,60.8,176.2,65.5,3.3,8.3,63.4,115.4,93,5.5,56.9,155.4,63.4,5.5,10.8,59.9,98.5,49.8,2.3,30.6,82.7,63,4.4,4.4,60.3,52.1,111.1,3.4,69.2,183.7,62.4,3,7.2,60.5,114.6,250.4,10.3,126.8,387.5,67.3,4,19.1,64.6,260.8,88.4,1.7,44.8,134.9,66.8,1.9,4.2,65.5,90.1,312.5,11.7,140.4,464.7,69.8,3.6,21.8,67.3,324.3,103.7,3.5,54.5,161.7,66.3,3.3,9.5,64.1,107.2,49,3.2,23.1,75.4,69.3,6.2,5.5,65,52.3,2022.80,79.1,1052.90,3154.80,66.6,3.8,151.6,64.1,2101.90
2004Q4,68,3.1,42.9,113.9,62.4,4.3,8.3,59.7,71,629.4,22.3,307.9,959.50,67.9,3.4,45.3,65.6,651.6,173.4,5.8,76.4,255.6,70.1,3.2,10.4,67.9,179.2,113.3,5.4,60.3,179,66.3,4.5,8.7,63.3,118.7,105.1,5.4,54.7,165.1,66.9,4.9,11.8,63.6,110.5,53.1,2.4,30.9,86.4,64.3,4.4,5.1,61.5,55.6,112.2,5,64.6,181.8,64.5,4.3,8.1,61.7,117.2,268.1,11.1,125.6,404.9,69,4,18.7,66.2,279.2,92,2.1,41.8,135.9,69.3,2.3,4.2,67.7,94.1,319.7,10.2,130.6,460.4,71.6,3.1,21.6,69.4,329.8,97.2,3.3,50.6,151.1,66.5,3.3,8.6,64.3,100.5,51.7,2,21.5,75.2,71.4,3.7,3.8,68.8,53.7,2083.20,78,1007.70,3168.90,68.2,3.6,154.6,65.7,2161.20
2005Q1,73,3.4,43.2,119.6,63.8,4.4,7.5,61,76.3,603.8,27,320.5,951.30,66.3,4.3,53.3,63.5,630.8,170.3,7.6,80.6,258.5,68.8,4.3,11.7,65.9,177.9,103.4,5.2,60.3,168.9,64.3,4.8,9,61.2,108.6,103.5,5.1,53.5,162,67,4.7,9.9,63.9,108.5,54.2,2.2,28.7,85.1,66.3,3.8,4.6,63.8,56.4,113.8,5.7,65.7,185.2,64.5,4.8,9.7,61.4,119.5,268.7,13.4,128,410.1,68.8,4.7,22.2,65.5,282,95.2,2.7,41.5,139.4,70.2,2.7,4.5,68.3,97.8,328.1,13.5,132.1,473.7,72.1,3.9,23,69.3,341.6,98.8,4.6,49.9,153.3,67.5,4.5,8.3,64.4,103.4,52.4,1.9,21,75.4,72.1,3.5,2.9,69.5,54.3,2065.20,92.1,1025.00,3182.40,67.8,4.3,166.6,64.9,2157.30
2005Q2,65.6,5.4,40.5,111.5,63.7,7.6,9.6,58.9,71,626.3,22.6,338.1,986.90,65.7,3.5,43.1,63.5,648.8,163,8.5,82.7,254.2,67.5,4.9,13.4,64.1,171.5,87,2.9,53.1,142.9,62.9,3.2,5.7,60.9,89.9,101.1,5.1,51.9,158.1,67.2,4.8,12.1,64,106.2,56.4,1.7,30,88.1,65.9,2.9,3.5,64,58.1,114.2,5,63.9,183.1,65.1,4.2,7.8,62.3,119.2,265.3,11.7,131.3,408.2,67.8,4.2,18.8,65,277,95,2.4,42.1,139.5,69.8,2.4,5.2,68.1,97.4,342.1,9,140.8,491.9,71.4,2.6,16.2,69.5,351.1,93.3,4,52.9,150.2,64.8,4.1,9.3,62.1,97.3,53,1.3,23.4,77.8,69.8,2.5,2.7,68.1,54.3,2062.10,79.5,1050.70,3192.40,67.1,3.7,147.4,64.6,2141.70
2005Q3,69.8,4.4,39.3,113.6,65.4,5.9,7.7,61.5,74.2,620.3,22.6,321.5,964.40,66.7,3.5,45.4,64.3,642.9,180.1,7.4,80.7,268.2,69.9,4,12.2,67.2,187.6,99.7,4.6,54.1,158.5,65.8,4.4,8.2,62.9,104.3,103.1,7.7,53,163.8,67.7,7,13.3,63,110.8,59.3,2.1,30.5,91.9,66.8,3.5,3.8,64.5,61.4,117.8,5.7,64.1,187.5,65.8,4.6,8.9,62.8,123.4,256.5,8.5,127.7,392.6,67.5,3.2,15.1,65.3,264.9,91.3,2.4,42.8,136.5,68.7,2.5,4.8,66.9,93.7,343.1,10.5,144.7,498.2,71,3,20.5,68.9,353.5,94.5,2.7,50.7,148,65.7,2.8,7.4,63.9,97.2,55.1,1.2,23.4,79.7,70.7,2.1,3.5,69.1,56.3,2090.70,79.7,1032.50,3202.90,67.8,3.7,150.9,65.3,2170.40
2005Q4,74.7,3.9,38,116.6,67.4,5,7.7,64.1,78.7,646.4,25,322,993.40,67.6,3.7,40.6,65.1,671.4,185,8.2,88.2,281.5,68.7,4.2,16.8,65.7,193.2,111.2,4.9,55.7,171.8,67.6,4.2,8.4,64.8,116.1,105.2,5.4,51.8,162.4,68.1,4.9,11.6,64.8,110.6,55.6,2.4,29.4,87.3,66.4,4.1,4.4,63.6,58,120.1,5.3,60.5,185.9,67.4,4.2,8.7,64.6,125.4,256.1,8.1,119.9,384.1,68.8,3.1,16.4,66.7,264.3,90.2,3,44.7,137.9,67.6,3.3,5.8,65.4,93.2,330.2,8,138,476.3,71,2.4,18.7,69.3,338.3,89.8,3,46.9,139.8,66.4,3.2,8,64.3,92.8,55.8,1.6,22.9,80.3,71.5,2.8,3.2,69.5,57.4,2120.50,78.8,1018.10,3217.40,68.4,3.6,150.3,65.9,2199.30
2006Q1,71.5,4.3,37.8,113.6,66.7,5.7,7.3,62.9,75.8,647.9,26.3,318.3,992.60,67.9,3.9,46.2,65.3,674.3,183.3,8.6,85.7,277.7,69.1,4.5,14.6,66,192,104.9,5.8,54,164.6,67.2,5.2,10.1,63.7,110.6,107.3,4.3,51,162.7,68.6,3.9,8,66,111.7,56,3,29.7,88.6,66.5,5,5.6,63.2,59,117.9,6.6,64.5,189,65.8,5.3,11.8,62.4,124.5,261.4,16.3,117.6,395.3,70.2,5.9,25.3,66.1,277.7,91.1,4,42,137.1,69.3,4.2,6.2,66.4,95,330.2,12.8,144.3,487.3,70.4,3.7,21.2,67.8,343,93.1,5.2,45.3,143.5,68.4,5.2,7.8,64.9,98.3,56.2,2,22.6,80.7,72.1,3.5,3.6,69.5,58.2,2120.80,99.1,1012.80,3232.80,68.7,4.5,167.6,65.6,2219.90
2006Q2,72.9,4.5,41.3,118.7,65.2,5.8,9.6,61.4,77.4,648.4,21.3,329.6,999.30,67,3.2,40.2,64.9,669.7,189.9,5.8,86.9,282.6,69.2,2.9,11.6,67.2,195.7,107.6,4.3,54.8,166.7,67.1,3.9,6.2,64.5,111.9,103.6,4.1,49.7,157.4,68.4,3.8,7.1,65.8,107.7,55.7,1.4,27.7,84.7,67.3,2.4,3.4,65.7,57,115.1,5.7,62.3,183.2,66,4.7,9.6,62.9,120.8,264.7,16.5,127.2,408.4,68.9,5.9,25.1,64.8,281.2,90,2,43.9,136,67.7,2.2,3.5,66.2,92.1,338.1,9.3,138.7,486,71.5,2.7,17,69.6,347.4,93.7,3,51.1,147.8,65.4,3.1,6.5,63.4,96.7,52.9,1.4,22.2,76.6,71,2.6,2.9,69.1,54.3,2132.80,79.2,1035.40,3247.30,68.1,3.6,142.5,65.7,2212.00
2006Q3,70.1,4.2,39.9,114.2,65.1,5.7,6.9,61.4,74.4,632.4,25.2,327.8,985.30,66.7,3.8,41.1,64.2,657.6,194,7.6,90.3,291.9,69.1,3.8,12.8,66.5,201.6,115.6,5.1,60.6,181.4,66.6,4.3,9.2,63.7,120.7,96.1,4.8,52.6,153.5,65.7,4.8,9.4,62.6,100.9,54,2,28.4,84.4,66.3,3.5,3.8,64,55.9,120.1,5,60.2,185.3,67.5,4,9.6,64.8,125.1,287.3,10.9,127.8,426,70,3.6,20.3,67.4,298.1,87,2.8,42.9,132.7,67.7,3.1,4,65.5,89.8,326.6,9.6,144,480.3,70,2.9,20.3,68,336.3,96.1,3.4,51.2,150.6,66,3.4,8.1,63.8,99.5,49.3,1.5,21.4,72.1,70.4,3,3.4,68.3,50.8,2128.50,82.2,1047.20,3257.80,67.9,3.7,148.9,65.3,2210.60
2006Q4,75,2.8,38.1,115.9,67.1,3.5,5.8,64.7,77.8,656.5,26.4,336,1018.90,67,3.9,50.7,64.4,682.9,200.6,5.8,91.1,297.4,69.4,2.8,14.2,67.4,206.3,117.1,4.3,61.9,183.3,66.2,3.6,8.2,63.9,121.4,99.9,5.1,50.6,155.6,67.5,4.9,10.3,64.2,105,61.8,1.7,26.5,90.1,70.6,2.7,4.6,68.7,63.6,115.5,5.3,57.4,178.2,67.8,4.4,10.3,64.8,120.8,276.3,12.8,123.3,412.4,70.1,4.4,28.4,67,289.2,86.1,2.8,43.7,132.6,67,3.1,5.5,65,88.9,323.3,9.5,139.4,472.1,70.5,2.9,19.1,68.5,332.8,92.2,3.4,44.5,140.2,68.2,3.5,6.2,65.8,95.6,52.3,1.5,21.1,74.9,71.8,2.7,3.2,69.9,53.8,2156.70,81.3,1033.60,3271.60,68.4,3.6,166.4,65.9,2238.00
2007Q1,71,4.1,38.4,113.4,66.2,5.4,8,62.6,75.1,674.3,33.2,331.2,1038.70,68.1,4.7,57.7,64.9,707.6,204.9,9.5,95.6,309.9,69.2,4.4,18.8,66.1,214.4,119.3,5,59.6,184,67.6,4,9.5,64.9,124.4,96.7,4.9,47.9,149.5,68,4.8,9.5,64.7,101.6,61.3,2.6,26.9,90.7,70.4,4,4.7,67.6,63.9,112.2,6,57.3,175.6,67.3,5.1,11.1,63.9,118.2,262.1,13,115.4,390.5,70.5,4.7,23.8,67.1,275.1,88.5,2.2,43,133.7,67.8,2.4,5,66.2,90.6,324.4,11.4,136.5,472.2,71.1,3.4,21.6,68.7,335.7,94.5,3.1,51.6,149.2,65.4,3.1,6.6,63.3,97.6,53.7,1.8,20.9,76.5,72.6,3.2,3.4,70.3,55.5,2163.00,96.7,1024.30,3284.00,68.8,4.3,179.5,65.9,2259.80
2007Q2,74.7,2.6,40.3,117.6,65.7,3.4,5.7,63.5,77.3,668,23.5,338.2,1029.70,67.2,3.4,49.4,64.9,691.5,207.2,7.9,95.7,310.8,69.2,3.7,17.3,66.7,215.1,122.9,3.7,63.6,190.2,66.6,2.9,7.9,64.6,126.6,97,5.1,49,151.1,67.6,5,9.9,64.2,102.1,58.9,2.4,27.1,88.5,69.3,4,4.5,66.6,61.3,109.2,6.1,65.3,180.7,63.8,5.3,12.3,60.4,115.3,269,9.9,112.8,391.7,71.2,3.6,18.8,68.7,278.9,86.2,2.9,42.9,132,67.5,3.3,6.1,65.3,89.1,327.4,10.9,142.4,480.6,70.4,3.2,20.7,68.1,338.3,93.2,3.7,47.7,144.5,67,3.8,6.9,64.5,96.8,52.6,1.1,21.1,74.8,71.8,2,2.2,70.4,53.7,2166.20,79.9,1046.00,3292.00,68.2,3.6,161.7,65.8,2246.10
2007Q3,68,4,40.2,112.2,64.2,5.6,6.2,60.6,72,677.7,26.2,333,1036.90,67.9,3.7,45.2,65.4,703.9,205.6,7.2,93.9,306.8,69.4,3.4,14.1,67,212.8,115.2,4.3,65.6,185.1,64.6,3.6,7.1,62.2,119.5,97.5,4.4,49,151,67.5,4.4,8.4,64.6,101.9,58.2,1.6,28.4,88.2,67.8,2.7,3.2,66,59.8,109.4,6,63.9,179.3,64.4,5.2,10,61,115.4,263.5,9,122.5,394.9,69,3.3,17.2,66.7,272.4,91.4,2.5,43.5,137.4,68.3,2.6,5.3,66.5,93.9,328,8.9,149.4,486.2,69.3,2.6,19.1,67.5,336.8,94.5,3.3,48.6,146.4,66.8,3.4,6.5,64.5,97.7,52.3,1.4,22,75.7,70.9,2.5,3.2,69.1,53.7,2161.20,78.7,1060.10,3300.00,67.9,3.5,145.5,65.5,2239.90
2007Q4,71.6,2,39.9,113.5,64.9,2.7,4.5,63.1,73.6,686.9,25.7,324.8,1037.40,68.7,3.6,48.3,66.2,712.6,213.7,7.6,91.2,312.5,70.8,3.4,13.9,68.4,221.3,112.1,4.4,64.7,181.2,64.3,3.8,8.2,61.9,116.5,100,5.1,48.3,153.4,68.5,4.9,9.9,65.2,105.1,62.2,1.6,28.9,92.7,68.8,2.5,3.4,67.1,63.8,116.3,6.9,61.6,184.8,66.7,5.6,12.4,62.9,123.2,268.8,7,110.4,386.2,71.4,2.5,15.5,69.6,275.8,92.9,2.6,42.4,137.9,69.3,2.7,5.6,67.4,95.5,335.9,9,150.1,495,69.7,2.6,19.9,67.9,345,92.9,2.9,45.8,141.7,67.7,3.1,7,65.6,95.9,54.2,..,20.2,75.3,73.1,..,2.2,71.9,55.1,2207.50,75.8,1028.30,3311.60,68.9,3.3,150.9,66.7,2283.30
2008Q1,69.3,3.4,42.4,115.1,63.1,4.7,7.6,60.2,72.7,672.8,33.1,324.5,1030.50,68.5,4.7,64.3,65.3,705.9,206.9,9,96.4,312.4,69.1,4.2,18.2,66.2,215.9,109.1,6,66.9,182,63.2,5.2,10.6,60,115.1,100.2,6.3,52.2,158.7,67.1,5.9,11.1,63.1,106.5,59,2.3,29.6,90.9,67.5,3.8,4.7,64.9,61.3,108.5,5.7,66.1,180.3,63.3,5,8.8,60.2,114.2,255.6,13.8,127.2,396.6,67.9,5.1,25.3,64.4,269.4,88.9,3.3,44.7,136.9,67.4,3.6,6.1,64.9,92.2,341.5,9.3,149.6,500.5,70.1,2.7,22.7,68.2,350.9,91.3,2.5,48.6,142.5,65.9,2.7,6,64.1,93.9,53.7,1.1,21.6,76.4,71.7,2,3,70.3,54.8,2156.90,96,1069.80,3322.70,67.8,4.3,188.5,64.9,2252.80
2008Q2,65.7,2.9,43.1,111.8,61.4,4.2,6,58.8,68.6,674.7,30.7,322.9,1028.30,68.6,4.3,55.9,65.6,705.3,206.5,8.9,94.1,309.5,69.6,4.1,16.7,66.7,215.4,112.8,4.5,65.2,182.5,64.3,3.9,8.6,61.8,117.3,100.5,4.7,49.3,154.5,68.1,4.5,8.3,65,105.2,60.3,1.9,29.1,91.3,68.2,3.1,3.5,66,62.2,110.4,5.2,64.5,180.1,64.2,4.5,8.9,61.3,115.5,264.4,9.2,120.5,394.1,69.4,3.4,18.8,67.1,273.6,90.5,2.8,41.1,134.3,69.4,3,5.4,67.4,93.3,350.4,11.4,153.7,515.5,70.2,3.2,26.1,68,361.8,93.7,4.1,52.7,150.6,65,4.2,9,62.3,97.8,54.3,1.2,22.3,77.8,71.3,2.2,3.2,69.8,55.5,2184.30,87.5,1058.60,3330.30,68.2,3.9,170.5,65.6,2271.70
2008Q3,67.6,5.2,41.3,114.1,63.8,7.1,7.8,59.3,72.8,655.6,30.5,323.7,1009.80,67.9,4.4,55.9,64.9,686.1,209.8,9.9,91.7,311.5,70.6,4.5,15.8,67.4,219.8,114.7,5.1,67.1,186.9,64.1,4.2,11.3,61.4,119.8,100.9,7.2,47.7,155.9,69.4,6.7,11.3,64.7,108.1,59.9,2.1,29.2,91.2,68,3.3,4.3,65.7,62,114.4,4.4,63.2,182.1,65.3,3.7,10.4,62.8,118.9,283.4,10.6,122.2,416.3,70.6,3.6,20,68.1,294,90.8,3,44,137.8,68.1,3.2,5.8,65.9,93.8,340.1,11.6,156.8,508.5,69.2,3.3,27.6,66.9,351.7,93.2,2.6,50.9,146.7,65.3,2.7,5.6,63.5,95.8,53,1.8,22.6,77.4,70.8,3.2,3.3,68.5,54.8,2183.60,93.9,1060.60,3338.10,68.2,4.1,179.1,65.4,2277.60
2008Q4,69.6,5.3,41.1,116,64.5,7.1,9.2,60,74.9,671.6,37.5,295.7,1004.80,70.6,5.3,71.3,66.8,709.1,210.8,9.8,94.4,315,70,4.4,18.5,66.9,220.6,121.5,5.7,67.5,194.7,65.4,4.5,11.6,62.4,127.2,100.6,6.9,52.2,159.7,67.3,6.4,12.7,63,107.5,59.2,2.1,31.2,92.5,66.3,3.4,5.1,64,61.3,117.5,4.5,59.5,181.6,67.2,3.7,9.5,64.7,122,280.3,10.5,112.5,403.3,72.1,3.6,21.8,69.5,290.8,97.1,3.4,44.4,144.8,69.4,3.4,6.6,67,100.5,343.1,12.4,149.4,504.9,70.4,3.5,28.5,68,355.5,102.5,3.2,50,155.7,67.9,3.1,6.2,65.8,105.7,54.1,1.5,20.7,76.4,72.9,2.8,2.8,70.9,55.7,2227.90,102.8,1018.50,3349.20,69.6,4.4,203.8,66.5,2330.70
2009Q1,68.9,6.4,41.4,116.7,64.5,8.5,10.5,59,75.3,644.2,45.1,321.4,1010.70,68.2,6.5,79.2,63.7,689.3,210.8,12.9,94.6,318.3,70.3,5.8,22.3,66.2,223.6,113.7,7.4,66.8,187.9,64.4,6.1,13,60.5,121.1,100.7,8,51.9,160.6,67.7,7.4,13.4,62.7,108.7,57.6,1.6,30.2,89.4,66.2,2.7,3.4,64.4,59.2,117,6,61.7,184.8,66.6,4.9,12.3,63.3,123.1,277,16,118.4,411.4,71.2,5.4,24.9,67.3,293,94.1,2.9,45,142,68.3,3,6.7,66.2,97,334.6,16.5,155,506.1,69.4,4.7,26.6,66.1,351.1,97.3,4.4,52.1,153.9,66.1,4.4,8.7,63.2,101.7,57.2,1.5,20.5,79.1,74.1,2.6,2.9,72.2,58.7,2173.00,128.8,1058.90,3360.80,68.5,5.6,224.1,64.7,2301.80
2009Q2,65.9,6,42.2,114.1,63,8.3,10.4,57.7,71.8,654.9,46.2,332.2,1033.30,67.9,6.6,81.9,63.4,701.2,206.5,15,96.1,317.6,69.7,6.8,23.4,65,221.5,117.3,7.3,67,191.5,65,5.8,12.5,61.2,124.6,97.9,7.7,53.1,158.6,66.5,7.3,12.9,61.7,105.5,57.7,2.5,27.8,88.1,68.4,4.2,4,65.5,60.3,112.9,5.4,62.3,180.6,65.5,4.5,11.3,62.5,118.3,275.3,16,113.1,404.4,72,5.5,26,68.1,291.3,91.8,3,45.5,140.2,67.6,3.1,6.5,65.5,94.7,334.7,17,157.8,509.5,69,4.8,33.3,65.7,351.7,100.4,5.7,54.7,160.7,66,5.3,11,62.4,106,50.9,1.8,20.9,73.6,71.6,3.4,3.2,69.2,52.7,2166.10,133.5,1072.60,3372.20,68.2,5.8,236.1,64.2,2299.60
2009Q3,68,7,45,120,62.5,9.3,11,56.7,75,642.8,44.7,339.1,1026.50,67,6.5,81.8,62.6,687.5,192.6,13.2,99.3,305.1,67.4,6.4,23.4,63.1,205.8,113.8,9.8,66.1,189.6,65.2,7.9,15,60,123.5,100,11.1,51.5,162.6,68.3,10,16.5,61.5,111.1,57.1,2.3,29,88.4,67.2,3.8,4.3,64.7,59.4,113.7,6.7,63.9,184.3,65.3,5.6,12.5,61.7,120.4,272.2,16.9,127.8,416.8,69.3,5.8,28.7,65.3,289,90.7,3.8,46.1,140.6,67.2,4.1,7.6,64.5,94.5,337.2,21,149.8,508.1,70.5,5.9,37.8,66.4,358.2,102.7,6.1,57.9,166.8,65.3,5.6,11.5,61.6,108.8,52.6,2,20.6,75.3,72.6,3.7,3.9,69.9,54.7,2143.40,144.5,1096.10,3384.00,67.6,6.3,254.0,63.3,2287.90
2009Q4,67.7,6.9,43.5,118.1,63.1,9.2,10.8,57.3,74.6,654.7,57.2,327,1039.00,68.5,8,95.9,63,711.9,201,12.4,97.4,310.9,68.7,5.8,23.2,64.7,213.4,118.4,9.5,67.1,194.9,65.6,7.4,15.2,60.7,127.9,99.2,9.3,50.9,159.3,68.1,8.6,16.5,62.2,108.4,57.8,3.7,27.5,89.1,69.1,6,6.4,64.9,61.5,117,10.3,59.6,186.9,68.1,8.1,16.1,62.6,127.3,276.9,18.7,115.2,410.8,72,6.3,32,67.4,295.6,90.9,4.3,47.8,142.9,66.6,4.5,8.4,63.6,95.1,330.3,20,154.3,504.6,69.4,5.7,36.4,65.5,350.3,107.5,4.4,53.8,165.7,67.5,3.9,10.4,64.9,111.9,53.6,2.4,20.4,76.4,73.2,4.3,4.5,70.1,56,2175.00,158.9,1064.60,3398.40,68.7,6.8,275.9,64.0,2333.90
2010Q1,66.9,7,44,118,62.7,9.4,13,56.7,73.9,653.6,56.3,343.7,1053.60,67.4,7.9,98,62,709.9,199,11.2,96.3,306.6,68.6,5.3,21.1,64.9,210.3,114.6,10,71.1,195.6,63.7,8,16.5,58.6,124.5,99.6,7,52.5,159.1,67,6.5,12.7,62.6,106.6,57.4,3.1,27.9,88.4,68.5,5.1,5.4,65,60.5,114.7,8.7,59.5,182.8,67.5,7,13.4,62.7,123.3,273.7,16.7,122.6,412.9,70.3,5.7,28.5,66.3,290.3,91,4.9,46.4,142.3,67.4,5.1,7.8,64,95.9,330.4,19.2,149.4,499,70.1,5.5,31.3,66.2,349.6,114.5,7.6,54.2,176.4,69.2,6.3,12.5,64.9,122.1,55.3,1.9,20.2,77.4,73.8,3.3,2.8,71.4,57.2,2170.60,153.5,1088.00,3412.10,68.1,6.6,263.0,63.6,2324.10
2010Q2,71.2,7.2,45.6,124,63.2,9.1,14.1,57.4,78.4,644.7,61.3,342.4,1048.40,67.3,8.7,97,61.5,706,190.7,12.3,100.8,303.8,66.8,6,20.4,62.8,203,120.3,10.2,67.9,198.4,65.8,7.8,15.7,60.7,130.5,97.8,9.1,53.8,160.7,66.5,8.5,15.3,60.8,106.9,57.9,3,26.2,87.2,69.9,4.9,4.9,66.4,60.9,113.1,8.4,61.5,183,66.4,6.9,14.2,61.8,121.5,274.4,16,120.1,410.5,70.8,5.5,25.6,66.9,290.5,90.6,3,45.8,139.5,67.2,3.2,5.5,65,93.7,336.9,16.8,157,510.7,69.3,4.8,29.4,66,353.7,116.4,5.7,57.4,179.5,68,4.7,9.6,64.8,122.1,51.5,2.3,21.9,75.7,71.1,4.4,4.1,68,53.8,2165.60,155.3,1100.40,3421.30,67.8,6.7,255.7,63.3,2320.90
2010Q3,71.8,6.2,47.5,125.5,62.2,8,12.2,57.2,78,645.8,51.6,341.7,1039.10,67.1,7.4,85,62.1,697.4,200.4,15.2,103.1,318.7,67.6,7,24.8,62.9,215.6,120.1,11.4,71.1,202.5,64.9,8.6,18.8,59.3,131.5,97.2,7.3,53.3,157.8,66.2,7,12.2,61.6,104.6,56,2.9,30.6,89.6,65.8,5,5.3,62.5,59,118.8,8.4,61,188.2,67.6,6.6,13.4,63.1,127.2,274.3,14,121.2,409.4,70.4,4.8,23.3,67,288.2,88.6,3.4,45.1,137.2,67.1,3.7,6.4,64.6,92.1,335.2,16.9,150.7,502.8,70,4.8,27.9,66.7,352.1,122,4.5,57.3,183.8,68.8,3.6,9.2,66.4,126.5,51.7,2.6,21.1,75.3,72,4.8,4.9,68.6,54.2,2181.90,144.5,1103.70,3430.00,67.8,6.2,243.5,63.6,2326.30
2010Q4,68.5,6.7,44.7,119.9,62.7,8.9,11.5,57.1,75.2,662.8,56.1,349.6,1068.40,67.3,7.8,94.5,62,718.9,203.9,13.3,99,316.3,68.7,6.1,24.8,64.5,217.2,122.1,9.5,69.6,201.2,65.4,7.3,14.9,60.7,131.6,102.9,7.9,54.3,165.1,67.1,7.1,14,62.3,110.8,55.7,3,28.8,87.4,67,5.1,5.2,63.7,58.6,112.1,8,60.5,180.6,66.5,6.6,14.7,62.1,120.1,274.2,15.7,108.7,398.6,72.7,5.4,23.1,68.8,289.9,87.7,4.2,44.2,136.1,67.5,4.6,8.1,64.4,91.9,337.9,21.5,148.7,508.2,70.7,6,36.1,66.5,359.5,119.6,6.4,54.7,180.6,69.7,5,12.5,66.2,126,55.6,3.3,21.4,80.4,73.3,5.6,5.9,69.2,59,2203.00,155.6,1084.20,3442.80,68.5,6.6,265.1,64.0,2358.60
2011Q1,67.8,7.4,45,120.2,62.6,9.8,11.8,56.4,75.2,678.9,58.1,343.3,1080.30,68.2,7.9,94.1,62.9,737,201.7,15.9,87.8,305.4,71.2,7.3,26.5,65.8,217.5,121.1,9.7,69.4,200.2,65.3,7.4,16.2,60.5,130.8,100.9,8.7,51.7,161.3,68,7.9,12.2,62.6,109.6,55.5,3.1,28.1,86.7,67.6,5.2,5.1,64.1,58.6,115.2,8.5,60.4,184.1,67.2,6.9,13.4,62.6,123.7,267.3,19.9,116.7,404,71.1,6.9,31.8,66.2,287.2,91,4.9,45.7,141.6,67.7,5.1,8.1,64.3,95.9,331.5,22.6,156.5,510.6,69.3,6.4,36.4,64.9,354.1,124.5,5.9,54,184.4,70.7,4.5,11.6,67.5,130.4,54.5,2.2,22.3,78.9,71.7,3.8,4.3,69,56.6,2209.90,166.7,1080.90,3457.60,68.7,7.0,271.4,63.9,2376.70
2011Q2,72.7,5.7,46,124.4,63,7.3,11.3,58.4,78.4,679.3,53.5,348.5,1081.30,67.8,7.3,85.7,62.8,732.8,199,13.8,94.4,307.1,69.3,6.5,23.8,64.8,212.7,120.9,9,67.5,197.4,65.8,6.9,14.2,61.2,129.9,97.4,7.5,53.6,158.5,66.2,7.2,12.9,61.4,104.9,55.1,3.1,27.5,85.7,67.9,5.3,5.2,64.3,58.1,114.8,8.5,59.2,182.4,67.6,6.9,14.5,62.9,123.3,274,16.1,119,409.1,70.9,5.5,25.7,67,290.1,92.9,4.2,46.4,143.5,67.7,4.4,8,64.7,97.1,324.6,19.8,162.7,507.1,67.9,5.7,33.4,64,344.4,123.3,6.9,57.5,187.6,69.4,5.3,12.9,65.7,130.2,54.3,1.9,20.6,76.8,73.2,3.4,3.5,70.7,56.2,2208.30,149.9,1102.90,3461.10,68.1,6.4,251.0,63.8,2358.20
2011Q3,69.6,6.6,43.7,119.9,63.6,8.7,10.8,58,76.2,705,51.7,350.8,1107.60,68.3,6.8,87.7,63.7,756.7,200.6,16.2,98,314.7,68.9,7.5,24.7,63.7,216.8,118.3,10,71.7,199.9,64.2,7.8,15.3,59.2,128.3,97.4,7.6,53.8,158.8,66.1,7.3,13.1,61.3,105,57.2,3.1,27,87.4,69.1,5.2,4.8,65.5,60.4,111.7,7.9,60.9,180.6,66.3,6.6,14,61.9,119.7,267.6,17.2,116,400.7,71.1,6,28.9,66.8,284.8,91.3,3.7,47.1,142.1,66.9,3.9,7.1,64.3,95,308.5,17.8,163.3,489.6,66.7,5.5,31.6,63,326.3,124.8,6.4,55.8,187.1,70.1,4.9,11.6,66.7,131.2,54.4,2.7,21.1,78.2,73,4.8,4.4,69.5,57.1,2206.50,151,1109.20,3466.60,68.0,6.4,254.1,63.6,2357.50
2011Q4,72,6.5,44.5,123.1,63.8,8.3,11.5,58.5,78.6,713.4,51.1,348.4,1113.00,68.7,6.7,86.5,64.1,764.6,197.1,13.3,95.4,305.7,68.8,6.3,23.5,64.5,210.4,118,10.6,76.1,204.7,62.8,8.3,17.2,57.6,128.6,95.6,7.2,53,155.7,66,7,12.5,61.4,102.8,58.4,2.3,27.6,88.3,68.7,3.8,5.3,66.1,60.7,115.8,7.7,59.4,182.8,67.5,6.2,15.2,63.3,123.4,273.4,21.1,112.3,406.7,72.4,7.2,32.4,67.2,294.4,98.5,5,46.7,150.3,68.9,4.9,8.6,65.6,103.5,309.7,16.4,153.7,479.8,68,5,31.5,64.6,326.1,128.6,6.4,51.1,186.1,72.5,4.8,12,69.1,135,56.6,3,20.1,79.8,74.8,5.1,5.1,71,59.6,2237.00,150.7,1088.30,3476.00,68.7,6.3,261.3,64.4,2387.70
2012Q1,72.2,6.9,43.8,122.9,64.4,8.7,12.6,58.7,79.1,709.3,60.7,344,1114.00,69.1,7.9,97.7,63.7,770.1,189,17.7,95.2,301.9,68.5,8.6,26,62.6,206.7,120.4,11.2,68.9,200.5,65.6,8.5,15.8,60.1,131.6,101.7,9.5,48.5,159.7,69.6,8.5,13.8,63.7,111.2,58.1,2.9,27.3,88.3,69.1,4.8,5.5,65.8,61,112.5,10.9,59.3,182.7,67.6,8.9,16.2,61.6,123.4,265.2,17.2,118.1,400.5,70.5,6.1,29.1,66.2,282.4,97.1,6.1,48.4,151.5,68,5.9,9.1,64.1,103.1,325.6,18.8,155.1,499.6,68.9,5.5,32.8,65.2,344.4,121.8,6.7,54,182.5,70.4,5.2,11,66.7,128.5,58,2.7,19.2,79.8,76,4.4,3.7,72.6,60.6,2230.90,171.2,1081.70,3483.90,69.0,7.1,273.3,64.0,2402.10
